<?xml version="1.0"?>
<gpx creator="CoxOrb http://www.active-tools.com/" version="1.0" xmlns="http://www.topografix.com/GPX/1/0" xmlns:xsi="http://www.w3.org/2001/XMLSchema-instance" xsi:schemaLocation="http://www.topografix.com/GPX/1/0 http://www.topografix.com/GPX/1/0/gpx.xsd"> 
<trk>
<trkseg> 
<trkpt lat="+51.47454" lon="-000.27196"> 
<time>2026-03-14T13:09:02Z</time>
<speed>002.12</speed>
</trkpt> 
<trkpt lat="+51.47452" lon="-000.27193"> 
<time>2026-03-14T13:09:03Z</time>
<speed>002.12</speed>
</trkpt> 
<trkpt lat="+51.47450" lon="-000.27189"> 
<time>2026-03-14T13:09:04Z</time>
<speed>002.12</speed>
</trkpt> 
<trkpt lat="+51.47448" lon="-000.27186"> 
<time>2026-03-14T13:09:05Z</time>
<speed>002.12</speed>
</trkpt> 
<trkpt lat="+51.47446" lon="-000.27182"> 
<time>2026-03-14T13:09:06Z</time>
<speed>002.89</speed>
</trkpt> 
<trkpt lat="+51.47443" lon="-000.27177"> 
<time>2026-03-14T13:09:07Z</time>
<speed>002.89</speed>
</trkpt> 
<trkpt lat="+51.47440" lon="-000.27174"> 
<time>2026-03-14T13:09:08Z</time>
<speed>002.89</speed>
</trkpt> 
<trkpt lat="+51.47437" lon="-000.27169"> 
<time>2026-03-14T13:09:09Z</time>
<speed>003.44</speed>
</trkpt> 
<trkpt lat="+51.47434" lon="-000.27164"> 
<time>2026-03-14T13:09:10Z</time>
<speed>003.44</speed>
</trkpt> 
<trkpt lat="+51.47431" lon="-000.27160"> 
<time>2026-03-14T13:09:11Z</time>
<speed>003.44</speed>
</trkpt> 
<trkpt lat="+51.47428" lon="-000.27156"> 
<time>2026-03-14T13:09:12Z</time>
<speed>003.80</speed>
</trkpt> 
<trkpt lat="+51.47426" lon="-000.27152"> 
<time>2026-03-14T13:09:13Z</time>
<speed>003.80</speed>
</trkpt> 
<trkpt lat="+51.47423" lon="-000.27148"> 
<time>2026-03-14T13:09:14Z</time>
<speed>004.33</speed>
</trkpt> 
<trkpt lat="+51.47419" lon="-000.27143"> 
<time>2026-03-14T13:09:15Z</time>
<speed>004.33</speed>
</trkpt> 
<trkpt lat="+51.47417" lon="-000.27139"> 
<time>2026-03-14T13:09:16Z</time>
<speed>004.33</speed>
</trkpt> 
<trkpt lat="+51.47414" lon="-000.27134"> 
<time>2026-03-14T13:09:17Z</time>
<speed>004.50</speed>
</trkpt> 
<trkpt lat="+51.47410" lon="-000.27131"> 
<time>2026-03-14T13:09:18Z</time>
<speed>004.50</speed>
</trkpt> 
<trkpt lat="+51.47406" lon="-000.27126"> 
<time>2026-03-14T13:09:19Z</time>
<speed>004.57</speed>
</trkpt> 
<trkpt lat="+51.47404" lon="-000.27122"> 
<time>2026-03-14T13:09:20Z</time>
<speed>004.57</speed>
</trkpt> 
<trkpt lat="+51.47400" lon="-000.27117"> 
<time>2026-03-14T13:09:21Z</time>
<speed>004.57</speed>
</trkpt> 
<trkpt lat="+51.47396" lon="-000.27114"> 
<time>2026-03-14T13:09:22Z</time>
<speed>004.69</speed>
</trkpt> 
<trkpt lat="+51.47393" lon="-000.27109"> 
<time>2026-03-14T13:09:23Z</time>
<speed>004.69</speed>
</trkpt> 
<trkpt lat="+51.47389" lon="-000.27104"> 
<time>2026-03-14T13:09:24Z</time>
<speed>004.80</speed>
</trkpt> 
<trkpt lat="+51.47386" lon="-000.27099"> 
<time>2026-03-14T13:09:25Z</time>
<speed>004.80</speed>
</trkpt> 
<trkpt lat="+51.47383" lon="-000.27093"> 
<time>2026-03-14T13:09:26Z</time>
<speed>004.84</speed>
</trkpt> 
<trkpt lat="+51.47379" lon="-000.27088"> 
<time>2026-03-14T13:09:27Z</time>
<speed>004.84</speed>
</trkpt> 
<trkpt lat="+51.47376" lon="-000.27084"> 
<time>2026-03-14T13:09:28Z</time>
<speed>004.86</speed>
</trkpt> 
<trkpt lat="+51.47373" lon="-000.27078"> 
<time>2026-03-14T13:09:29Z</time>
<speed>004.86</speed>
</trkpt> 
<trkpt lat="+51.47369" lon="-000.27072"> 
<time>2026-03-14T13:09:30Z</time>
<speed>004.90</speed>
</trkpt> 
<trkpt lat="+51.47366" lon="-000.27067"> 
<time>2026-03-14T13:09:31Z</time>
<speed>004.90</speed>
</trkpt> 
<trkpt lat="+51.47362" lon="-000.27062"> 
<time>2026-03-14T13:09:32Z</time>
<speed>005.00</speed>
</trkpt> 
<trkpt lat="+51.47359" lon="-000.27057"> 
<time>2026-03-14T13:09:33Z</time>
<speed>005.00</speed>
</trkpt> 
<trkpt lat="+51.47355" lon="-000.27052"> 
<time>2026-03-14T13:09:34Z</time>
<speed>005.12</speed>
</trkpt> 
<trkpt lat="+51.47352" lon="-000.27046"> 
<time>2026-03-14T13:09:35Z</time>
<speed>005.12</speed>
</trkpt> 
<trkpt lat="+51.47348" lon="-000.27041"> 
<time>2026-03-14T13:09:36Z</time>
<speed>005.28</speed>
</trkpt> 
<trkpt lat="+51.47344" lon="-000.27036"> 
<time>2026-03-14T13:09:37Z</time>
<speed>005.28</speed>
</trkpt> 
<trkpt lat="+51.47341" lon="-000.27031"> 
<time>2026-03-14T13:09:38Z</time>
<speed>005.27</speed>
</trkpt> 
<trkpt lat="+51.47337" lon="-000.27027"> 
<time>2026-03-14T13:09:39Z</time>
<speed>005.27</speed>
</trkpt> 
<trkpt lat="+51.47333" lon="-000.27021"> 
<time>2026-03-14T13:09:40Z</time>
<speed>005.27</speed>
</trkpt> 
<trkpt lat="+51.47329" lon="-000.27016"> 
<time>2026-03-14T13:09:41Z</time>
<speed>005.27</speed>
</trkpt> 
<trkpt lat="+51.47326" lon="-000.27011"> 
<time>2026-03-14T13:09:42Z</time>
<speed>005.27</speed>
</trkpt> 
<trkpt lat="+51.47322" lon="-000.27005"> 
<time>2026-03-14T13:09:43Z</time>
<speed>005.36</speed>
</trkpt> 
<trkpt lat="+51.47319" lon="-000.26999"> 
<time>2026-03-14T13:09:44Z</time>
<speed>005.36</speed>
</trkpt> 
<trkpt lat="+51.47316" lon="-000.26993"> 
<time>2026-03-14T13:09:45Z</time>
<speed>005.44</speed>
</trkpt> 
<trkpt lat="+51.47312" lon="-000.26987"> 
<time>2026-03-14T13:09:46Z</time>
<speed>005.46</speed>
</trkpt> 
<trkpt lat="+51.47309" lon="-000.26981"> 
<time>2026-03-14T13:09:47Z</time>
<speed>005.46</speed>
</trkpt> 
<trkpt lat="+51.47305" lon="-000.26976"> 
<time>2026-03-14T13:09:48Z</time>
<speed>005.53</speed>
</trkpt> 
<trkpt lat="+51.47301" lon="-000.26969"> 
<time>2026-03-14T13:09:49Z</time>
<speed>005.53</speed>
</trkpt> 
<trkpt lat="+51.47299" lon="-000.26962"> 
<time>2026-03-14T13:09:50Z</time>
<speed>005.55</speed>
</trkpt> 
<trkpt lat="+51.47299" lon="-000.26962"> 
<time>2026-03-14T13:09:51Z</time>
<speed>005.55</speed>
</trkpt> 
<trkpt lat="+51.47298" lon="-000.26960"> 
<time>2026-03-14T13:09:52Z</time>
<speed>005.54</speed>
</trkpt> 
<trkpt lat="+51.47297" lon="-000.26959"> 
<time>2026-03-14T13:09:53Z</time>
<speed>004.84</speed>
</trkpt> 
<trkpt lat="+51.47295" lon="-000.26958"> 
<time>2026-03-14T13:09:54Z</time>
<speed>004.84</speed>
</trkpt> 
<trkpt lat="+51.47291" lon="-000.26955"> 
<time>2026-03-14T13:09:55Z</time>
<speed>004.01</speed>
</trkpt> 
<trkpt lat="+51.47288" lon="-000.26949"> 
<time>2026-03-14T13:09:56Z</time>
<speed>004.01</speed>
</trkpt> 
<trkpt lat="+51.47284" lon="-000.26941"> 
<time>2026-03-14T13:09:57Z</time>
<speed>003.61</speed>
</trkpt> 
<trkpt lat="+51.47281" lon="-000.26935"> 
<time>2026-03-14T13:09:58Z</time>
<speed>003.61</speed>
</trkpt> 
<trkpt lat="+51.47277" lon="-000.26928"> 
<time>2026-03-14T13:09:59Z</time>
<speed>004.23</speed>
</trkpt> 
<trkpt lat="+51.47274" lon="-000.26921"> 
<time>2026-03-14T13:10:00Z</time>
<speed>004.99</speed>
</trkpt> 
<trkpt lat="+51.47269" lon="-000.26914"> 
<time>2026-03-14T13:10:01Z</time>
<speed>004.99</speed>
</trkpt> 
<trkpt lat="+51.47266" lon="-000.26906"> 
<time>2026-03-14T13:10:02Z</time>
<speed>005.44</speed>
</trkpt> 
<trkpt lat="+51.47264" lon="-000.26899"> 
<time>2026-03-14T13:10:03Z</time>
<speed>005.44</speed>
</trkpt> 
<trkpt lat="+51.47261" lon="-000.26892"> 
<time>2026-03-14T13:10:04Z</time>
<speed>005.48</speed>
</trkpt> 
<trkpt lat="+51.47257" lon="-000.26885"> 
<time>2026-03-14T13:10:05Z</time>
<speed>005.48</speed>
</trkpt> 
<trkpt lat="+51.47254" lon="-000.26878"> 
<time>2026-03-14T13:10:06Z</time>
<speed>005.44</speed>
</trkpt> 
<trkpt lat="+51.47251" lon="-000.26872"> 
<time>2026-03-14T13:10:07Z</time>
<speed>005.44</speed>
</trkpt> 
<trkpt lat="+51.47248" lon="-000.26864"> 
<time>2026-03-14T13:10:08Z</time>
<speed>005.37</speed>
</trkpt> 
<trkpt lat="+51.47244" lon="-000.26857"> 
<time>2026-03-14T13:10:09Z</time>
<speed>005.39</speed>
</trkpt> 
<trkpt lat="+51.47241" lon="-000.26851"> 
<time>2026-03-14T13:10:10Z</time>
<speed>005.39</speed>
</trkpt> 
<trkpt lat="+51.47239" lon="-000.26844"> 
<time>2026-03-14T13:10:11Z</time>
<speed>005.45</speed>
</trkpt> 
<trkpt lat="+51.47235" lon="-000.26837"> 
<time>2026-03-14T13:10:12Z</time>
<speed>005.45</speed>
</trkpt> 
<trkpt lat="+51.47232" lon="-000.26831"> 
<time>2026-03-14T13:10:13Z</time>
<speed>005.49</speed>
</trkpt> 
<trkpt lat="+51.47229" lon="-000.26824"> 
<time>2026-03-14T13:10:14Z</time>
<speed>005.49</speed>
</trkpt> 
<trkpt lat="+51.47226" lon="-000.26816"> 
<time>2026-03-14T13:10:15Z</time>
<speed>005.50</speed>
</trkpt> 
<trkpt lat="+51.47223" lon="-000.26809"> 
<time>2026-03-14T13:10:16Z</time>
<speed>005.50</speed>
</trkpt> 
<trkpt lat="+51.47220" lon="-000.26802"> 
<time>2026-03-14T13:10:17Z</time>
<speed>005.49</speed>
</trkpt> 
<trkpt lat="+51.47217" lon="-000.26796"> 
<time>2026-03-14T13:10:18Z</time>
<speed>005.49</speed>
</trkpt> 
<trkpt lat="+51.47214" lon="-000.26789"> 
<time>2026-03-14T13:10:19Z</time>
<speed>005.43</speed>
</trkpt> 
<trkpt lat="+51.47211" lon="-000.26783"> 
<time>2026-03-14T13:10:20Z</time>
<speed>005.43</speed>
</trkpt> 
<trkpt lat="+51.47208" lon="-000.26776"> 
<time>2026-03-14T13:10:21Z</time>
<speed>005.37</speed>
</trkpt> 
<trkpt lat="+51.47205" lon="-000.26769"> 
<time>2026-03-14T13:10:22Z</time>
<speed>005.39</speed>
</trkpt> 
<trkpt lat="+51.47202" lon="-000.26762"> 
<time>2026-03-14T13:10:23Z</time>
<speed>005.39</speed>
</trkpt> 
<trkpt lat="+51.47199" lon="-000.26755"> 
<time>2026-03-14T13:10:24Z</time>
<speed>005.48</speed>
</trkpt> 
<trkpt lat="+51.47197" lon="-000.26749"> 
<time>2026-03-14T13:10:25Z</time>
<speed>005.48</speed>
</trkpt> 
<trkpt lat="+51.47194" lon="-000.26742"> 
<time>2026-03-14T13:10:26Z</time>
<speed>005.45</speed>
</trkpt> 
<trkpt lat="+51.47191" lon="-000.26735"> 
<time>2026-03-14T13:10:27Z</time>
<speed>005.45</speed>
</trkpt> 
<trkpt lat="+51.47188" lon="-000.26729"> 
<time>2026-03-14T13:10:28Z</time>
<speed>005.46</speed>
</trkpt> 
<trkpt lat="+51.47186" lon="-000.26721"> 
<time>2026-03-14T13:10:29Z</time>
<speed>005.46</speed>
</trkpt> 
<trkpt lat="+51.47183" lon="-000.26714"> 
<time>2026-03-14T13:10:30Z</time>
<speed>005.47</speed>
</trkpt> 
<trkpt lat="+51.47181" lon="-000.26707"> 
<time>2026-03-14T13:10:31Z</time>
<speed>005.47</speed>
</trkpt> 
<trkpt lat="+51.47179" lon="-000.26700"> 
<time>2026-03-14T13:10:32Z</time>
<speed>005.55</speed>
</trkpt> 
<trkpt lat="+51.47175" lon="-000.26693"> 
<time>2026-03-14T13:10:33Z</time>
<speed>005.55</speed>
</trkpt> 
<trkpt lat="+51.47172" lon="-000.26685"> 
<time>2026-03-14T13:10:34Z</time>
<speed>005.55</speed>
</trkpt> 
<trkpt lat="+51.47170" lon="-000.26679"> 
<time>2026-03-14T13:10:35Z</time>
<speed>005.57</speed>
</trkpt> 
<trkpt lat="+51.47167" lon="-000.26672"> 
<time>2026-03-14T13:10:36Z</time>
<speed>005.57</speed>
</trkpt> 
<trkpt lat="+51.47165" lon="-000.26665"> 
<time>2026-03-14T13:10:37Z</time>
<speed>005.58</speed>
</trkpt> 
<trkpt lat="+51.47163" lon="-000.26658"> 
<time>2026-03-14T13:10:38Z</time>
<speed>005.58</speed>
</trkpt> 
<trkpt lat="+51.47160" lon="-000.26650"> 
<time>2026-03-14T13:10:39Z</time>
<speed>005.61</speed>
</trkpt> 
<trkpt lat="+51.47158" lon="-000.26643"> 
<time>2026-03-14T13:10:40Z</time>
<speed>005.61</speed>
</trkpt> 
<trkpt lat="+51.47155" lon="-000.26636"> 
<time>2026-03-14T13:10:41Z</time>
<speed>005.57</speed>
</trkpt> 
<trkpt lat="+51.47153" lon="-000.26629"> 
<time>2026-03-14T13:10:42Z</time>
<speed>005.57</speed>
</trkpt> 
<trkpt lat="+51.47151" lon="-000.26622"> 
<time>2026-03-14T13:10:43Z</time>
<speed>005.50</speed>
</trkpt> 
<trkpt lat="+51.47149" lon="-000.26616"> 
<time>2026-03-14T13:10:44Z</time>
<speed>005.50</speed>
</trkpt> 
<trkpt lat="+51.47146" lon="-000.26608"> 
<time>2026-03-14T13:10:45Z</time>
<speed>005.44</speed>
</trkpt> 
<trkpt lat="+51.47144" lon="-000.26601"> 
<time>2026-03-14T13:10:46Z</time>
<speed>005.44</speed>
</trkpt> 
<trkpt lat="+51.47142" lon="-000.26593"> 
<time>2026-03-14T13:10:47Z</time>
<speed>005.36</speed>
</trkpt> 
<trkpt lat="+51.47140" lon="-000.26586"> 
<time>2026-03-14T13:10:48Z</time>
<speed>005.36</speed>
</trkpt> 
<trkpt lat="+51.47138" lon="-000.26579"> 
<time>2026-03-14T13:10:49Z</time>
<speed>005.40</speed>
</trkpt> 
<trkpt lat="+51.47136" lon="-000.26573"> 
<time>2026-03-14T13:10:50Z</time>
<speed>005.41</speed>
</trkpt> 
<trkpt lat="+51.47134" lon="-000.26566"> 
<time>2026-03-14T13:10:51Z</time>
<speed>005.41</speed>
</trkpt> 
<trkpt lat="+51.47132" lon="-000.26559"> 
<time>2026-03-14T13:10:52Z</time>
<speed>005.43</speed>
</trkpt> 
<trkpt lat="+51.47130" lon="-000.26551"> 
<time>2026-03-14T13:10:53Z</time>
<speed>005.43</speed>
</trkpt> 
<trkpt lat="+51.47128" lon="-000.26543"> 
<time>2026-03-14T13:10:54Z</time>
<speed>005.46</speed>
</trkpt> 
<trkpt lat="+51.47126" lon="-000.26536"> 
<time>2026-03-14T13:10:55Z</time>
<speed>005.46</speed>
</trkpt> 
<trkpt lat="+51.47124" lon="-000.26529"> 
<time>2026-03-14T13:10:56Z</time>
<speed>005.51</speed>
</trkpt> 
<trkpt lat="+51.47122" lon="-000.26521"> 
<time>2026-03-14T13:10:57Z</time>
<speed>005.51</speed>
</trkpt> 
<trkpt lat="+51.47120" lon="-000.26514"> 
<time>2026-03-14T13:10:58Z</time>
<speed>005.56</speed>
</trkpt> 
<trkpt lat="+51.47118" lon="-000.26506"> 
<time>2026-03-14T13:10:59Z</time>
<speed>005.56</speed>
</trkpt> 
<trkpt lat="+51.47117" lon="-000.26499"> 
<time>2026-03-14T13:11:00Z</time>
<speed>005.52</speed>
</trkpt> 
<trkpt lat="+51.47115" lon="-000.26491"> 
<time>2026-03-14T13:11:01Z</time>
<speed>005.52</speed>
</trkpt> 
<trkpt lat="+51.47113" lon="-000.26484"> 
<time>2026-03-14T13:11:02Z</time>
<speed>005.49</speed>
</trkpt> 
<trkpt lat="+51.47111" lon="-000.26477"> 
<time>2026-03-14T13:11:03Z</time>
<speed>005.49</speed>
</trkpt> 
<trkpt lat="+51.47110" lon="-000.26470"> 
<time>2026-03-14T13:11:04Z</time>
<speed>005.46</speed>
</trkpt> 
<trkpt lat="+51.47108" lon="-000.26463"> 
<time>2026-03-14T13:11:05Z</time>
<speed>005.46</speed>
</trkpt> 
<trkpt lat="+51.47106" lon="-000.26456"> 
<time>2026-03-14T13:11:06Z</time>
<speed>005.45</speed>
</trkpt> 
<trkpt lat="+51.47104" lon="-000.26449"> 
<time>2026-03-14T13:11:07Z</time>
<speed>005.45</speed>
</trkpt> 
<trkpt lat="+51.47103" lon="-000.26441"> 
<time>2026-03-14T13:11:08Z</time>
<speed>005.43</speed>
</trkpt> 
<trkpt lat="+51.47102" lon="-000.26434"> 
<time>2026-03-14T13:11:09Z</time>
<speed>005.37</speed>
</trkpt> 
<trkpt lat="+51.47100" lon="-000.26427"> 
<time>2026-03-14T13:11:10Z</time>
<speed>005.37</speed>
</trkpt> 
<trkpt lat="+51.47099" lon="-000.26420"> 
<time>2026-03-14T13:11:11Z</time>
<speed>005.36</speed>
</trkpt> 
<trkpt lat="+51.47097" lon="-000.26414"> 
<time>2026-03-14T13:11:12Z</time>
<speed>005.36</speed>
</trkpt> 
<trkpt lat="+51.47096" lon="-000.26406"> 
<time>2026-03-14T13:11:13Z</time>
<speed>005.28</speed>
</trkpt> 
<trkpt lat="+51.47094" lon="-000.26399"> 
<time>2026-03-14T13:11:14Z</time>
<speed>005.28</speed>
</trkpt> 
<trkpt lat="+51.47093" lon="-000.26392"> 
<time>2026-03-14T13:11:15Z</time>
<speed>005.32</speed>
</trkpt> 
<trkpt lat="+51.47091" lon="-000.26385"> 
<time>2026-03-14T13:11:16Z</time>
<speed>005.32</speed>
</trkpt> 
<trkpt lat="+51.47091" lon="-000.26378"> 
<time>2026-03-14T13:11:17Z</time>
<speed>005.24</speed>
</trkpt> 
<trkpt lat="+51.47089" lon="-000.26370"> 
<time>2026-03-14T13:11:18Z</time>
<speed>005.24</speed>
</trkpt> 
<trkpt lat="+51.47089" lon="-000.26362"> 
<time>2026-03-14T13:11:19Z</time>
<speed>005.28</speed>
</trkpt> 
<trkpt lat="+51.47088" lon="-000.26354"> 
<time>2026-03-14T13:11:20Z</time>
<speed>005.28</speed>
</trkpt> 
<trkpt lat="+51.47087" lon="-000.26346"> 
<time>2026-03-14T13:11:21Z</time>
<speed>005.30</speed>
</trkpt> 
<trkpt lat="+51.47086" lon="-000.26339"> 
<time>2026-03-14T13:11:22Z</time>
<speed>005.30</speed>
</trkpt> 
<trkpt lat="+51.47086" lon="-000.26331"> 
<time>2026-03-14T13:11:23Z</time>
<speed>005.43</speed>
</trkpt> 
<trkpt lat="+51.47085" lon="-000.26324"> 
<time>2026-03-14T13:11:24Z</time>
<speed>005.43</speed>
</trkpt> 
<trkpt lat="+51.47085" lon="-000.26316"> 
<time>2026-03-14T13:11:25Z</time>
<speed>005.43</speed>
</trkpt> 
<trkpt lat="+51.47084" lon="-000.26309"> 
<time>2026-03-14T13:11:26Z</time>
<speed>005.43</speed>
</trkpt> 
<trkpt lat="+51.47084" lon="-000.26301"> 
<time>2026-03-14T13:11:27Z</time>
<speed>005.32</speed>
</trkpt> 
<trkpt lat="+51.47084" lon="-000.26293"> 
<time>2026-03-14T13:11:28Z</time>
<speed>005.32</speed>
</trkpt> 
<trkpt lat="+51.47084" lon="-000.26285"> 
<time>2026-03-14T13:11:29Z</time>
<speed>005.25</speed>
</trkpt> 
<trkpt lat="+51.47083" lon="-000.26278"> 
<time>2026-03-14T13:11:30Z</time>
<speed>005.27</speed>
</trkpt> 
<trkpt lat="+51.47083" lon="-000.26269"> 
<time>2026-03-14T13:11:31Z</time>
<speed>005.27</speed>
</trkpt> 
<trkpt lat="+51.47083" lon="-000.26262"> 
<time>2026-03-14T13:11:32Z</time>
<speed>005.33</speed>
</trkpt> 
<trkpt lat="+51.47083" lon="-000.26254"> 
<time>2026-03-14T13:11:33Z</time>
<speed>005.33</speed>
</trkpt> 
<trkpt lat="+51.47083" lon="-000.26246"> 
<time>2026-03-14T13:11:34Z</time>
<speed>005.41</speed>
</trkpt> 
<trkpt lat="+51.47083" lon="-000.26238"> 
<time>2026-03-14T13:11:35Z</time>
<speed>005.41</speed>
</trkpt> 
<trkpt lat="+51.47083" lon="-000.26230"> 
<time>2026-03-14T13:11:36Z</time>
<speed>005.47</speed>
</trkpt> 
<trkpt lat="+51.47083" lon="-000.26222"> 
<time>2026-03-14T13:11:37Z</time>
<speed>005.47</speed>
</trkpt> 
<trkpt lat="+51.47083" lon="-000.26214"> 
<time>2026-03-14T13:11:38Z</time>
<speed>005.56</speed>
</trkpt> 
<trkpt lat="+51.47083" lon="-000.26206"> 
<time>2026-03-14T13:11:39Z</time>
<speed>005.56</speed>
</trkpt> 
<trkpt lat="+51.47083" lon="-000.26197"> 
<time>2026-03-14T13:11:40Z</time>
<speed>005.46</speed>
</trkpt> 
<trkpt lat="+51.47083" lon="-000.26190"> 
<time>2026-03-14T13:11:41Z</time>
<speed>005.46</speed>
</trkpt> 
<trkpt lat="+51.47083" lon="-000.26182"> 
<time>2026-03-14T13:11:42Z</time>
<speed>005.40</speed>
</trkpt> 
<trkpt lat="+51.47083" lon="-000.26175"> 
<time>2026-03-14T13:11:43Z</time>
<speed>005.40</speed>
</trkpt> 
<trkpt lat="+51.47083" lon="-000.26167"> 
<time>2026-03-14T13:11:44Z</time>
<speed>005.26</speed>
</trkpt> 
<trkpt lat="+51.47083" lon="-000.26160"> 
<time>2026-03-14T13:11:45Z</time>
<speed>005.26</speed>
</trkpt> 
<trkpt lat="+51.47083" lon="-000.26152"> 
<time>2026-03-14T13:11:46Z</time>
<speed>005.16</speed>
</trkpt> 
<trkpt lat="+51.47083" lon="-000.26144"> 
<time>2026-03-14T13:11:47Z</time>
<speed>005.16</speed>
</trkpt> 
<trkpt lat="+51.47083" lon="-000.26137"> 
<time>2026-03-14T13:11:48Z</time>
<speed>005.14</speed>
</trkpt> 
<trkpt lat="+51.47083" lon="-000.26129"> 
<time>2026-03-14T13:11:49Z</time>
<speed>005.14</speed>
</trkpt> 
<trkpt lat="+51.47084" lon="-000.26122"> 
<time>2026-03-14T13:11:50Z</time>
<speed>005.18</speed>
</trkpt> 
<trkpt lat="+51.47084" lon="-000.26114"> 
<time>2026-03-14T13:11:51Z</time>
<speed>005.24</speed>
</trkpt> 
<trkpt lat="+51.47084" lon="-000.26106"> 
<time>2026-03-14T13:11:52Z</time>
<speed>005.24</speed>
</trkpt> 
<trkpt lat="+51.47084" lon="-000.26099"> 
<time>2026-03-14T13:11:53Z</time>
<speed>005.24</speed>
</trkpt> 
<trkpt lat="+51.47084" lon="-000.26091"> 
<time>2026-03-14T13:11:54Z</time>
<speed>005.24</speed>
</trkpt> 
<trkpt lat="+51.47085" lon="-000.26082"> 
<time>2026-03-14T13:11:55Z</time>
<speed>005.25</speed>
</trkpt> 
<trkpt lat="+51.47085" lon="-000.26074"> 
<time>2026-03-14T13:11:56Z</time>
<speed>005.25</speed>
</trkpt> 
<trkpt lat="+51.47085" lon="-000.26066"> 
<time>2026-03-14T13:11:57Z</time>
<speed>005.31</speed>
</trkpt> 
<trkpt lat="+51.47086" lon="-000.26058"> 
<time>2026-03-14T13:11:58Z</time>
<speed>005.31</speed>
</trkpt> 
<trkpt lat="+51.47086" lon="-000.26050"> 
<time>2026-03-14T13:11:59Z</time>
<speed>005.34</speed>
</trkpt> 
<trkpt lat="+51.47086" lon="-000.26042"> 
<time>2026-03-14T13:12:00Z</time>
<speed>005.34</speed>
</trkpt> 
<trkpt lat="+51.47086" lon="-000.26033"> 
<time>2026-03-14T13:12:01Z</time>
<speed>005.30</speed>
</trkpt> 
<trkpt lat="+51.47086" lon="-000.26026"> 
<time>2026-03-14T13:12:02Z</time>
<speed>005.30</speed>
</trkpt> 
<trkpt lat="+51.47087" lon="-000.26017"> 
<time>2026-03-14T13:12:03Z</time>
<speed>005.30</speed>
</trkpt> 
<trkpt lat="+51.47087" lon="-000.26010"> 
<time>2026-03-14T13:12:04Z</time>
<speed>005.30</speed>
</trkpt> 
<trkpt lat="+51.47087" lon="-000.26002"> 
<time>2026-03-14T13:12:05Z</time>
<speed>005.29</speed>
</trkpt> 
<trkpt lat="+51.47087" lon="-000.25995"> 
<time>2026-03-14T13:12:06Z</time>
<speed>005.29</speed>
</trkpt> 
<trkpt lat="+51.47088" lon="-000.25987"> 
<time>2026-03-14T13:12:07Z</time>
<speed>005.30</speed>
</trkpt> 
<trkpt lat="+51.47089" lon="-000.25979"> 
<time>2026-03-14T13:12:08Z</time>
<speed>005.30</speed>
</trkpt> 
<trkpt lat="+51.47089" lon="-000.25971"> 
<time>2026-03-14T13:12:09Z</time>
<speed>005.26</speed>
</trkpt> 
<trkpt lat="+51.47090" lon="-000.25964"> 
<time>2026-03-14T13:12:10Z</time>
<speed>005.26</speed>
</trkpt> 
<trkpt lat="+51.47091" lon="-000.25955"> 
<time>2026-03-14T13:12:11Z</time>
<speed>005.26</speed>
</trkpt> 
<trkpt lat="+51.47091" lon="-000.25947"> 
<time>2026-03-14T13:12:12Z</time>
<speed>005.32</speed>
</trkpt> 
<trkpt lat="+51.47092" lon="-000.25939"> 
<time>2026-03-14T13:12:13Z</time>
<speed>005.32</speed>
</trkpt> 
<trkpt lat="+51.47093" lon="-000.25931"> 
<time>2026-03-14T13:12:14Z</time>
<speed>005.35</speed>
</trkpt> 
<trkpt lat="+51.47094" lon="-000.25924"> 
<time>2026-03-14T13:12:15Z</time>
<speed>005.35</speed>
</trkpt> 
<trkpt lat="+51.47095" lon="-000.25916"> 
<time>2026-03-14T13:12:16Z</time>
<speed>005.38</speed>
</trkpt> 
<trkpt lat="+51.47096" lon="-000.25909"> 
<time>2026-03-14T13:12:17Z</time>
<speed>005.38</speed>
</trkpt> 
<trkpt lat="+51.47098" lon="-000.25901"> 
<time>2026-03-14T13:12:18Z</time>
<speed>005.39</speed>
</trkpt> 
<trkpt lat="+51.47099" lon="-000.25894"> 
<time>2026-03-14T13:12:19Z</time>
<speed>005.39</speed>
</trkpt> 
<trkpt lat="+51.47100" lon="-000.25886"> 
<time>2026-03-14T13:12:20Z</time>
<speed>005.37</speed>
</trkpt> 
<trkpt lat="+51.47101" lon="-000.25879"> 
<time>2026-03-14T13:12:21Z</time>
<speed>005.37</speed>
</trkpt> 
<trkpt lat="+51.47102" lon="-000.25871"> 
<time>2026-03-14T13:12:22Z</time>
<speed>005.39</speed>
</trkpt> 
<trkpt lat="+51.47104" lon="-000.25864"> 
<time>2026-03-14T13:12:23Z</time>
<speed>005.39</speed>
</trkpt> 
<trkpt lat="+51.47104" lon="-000.25857"> 
<time>2026-03-14T13:12:24Z</time>
<speed>005.33</speed>
</trkpt> 
<trkpt lat="+51.47106" lon="-000.25851"> 
<time>2026-03-14T13:12:25Z</time>
<speed>005.33</speed>
</trkpt> 
<trkpt lat="+51.47107" lon="-000.25844"> 
<time>2026-03-14T13:12:26Z</time>
<speed>005.24</speed>
</trkpt> 
<trkpt lat="+51.47109" lon="-000.25837"> 
<time>2026-03-14T13:12:27Z</time>
<speed>005.24</speed>
</trkpt> 
<trkpt lat="+51.47111" lon="-000.25829"> 
<time>2026-03-14T13:12:28Z</time>
<speed>005.15</speed>
</trkpt> 
<trkpt lat="+51.47112" lon="-000.25823"> 
<time>2026-03-14T13:12:29Z</time>
<speed>005.16</speed>
</trkpt> 
<trkpt lat="+51.47114" lon="-000.25815"> 
<time>2026-03-14T13:12:30Z</time>
<speed>005.16</speed>
</trkpt> 
<trkpt lat="+51.47116" lon="-000.25807"> 
<time>2026-03-14T13:12:31Z</time>
<speed>005.27</speed>
</trkpt> 
<trkpt lat="+51.47117" lon="-000.25800"> 
<time>2026-03-14T13:12:32Z</time>
<speed>005.27</speed>
</trkpt> 
<trkpt lat="+51.47118" lon="-000.25794"> 
<time>2026-03-14T13:12:33Z</time>
<speed>005.34</speed>
</trkpt> 
<trkpt lat="+51.47119" lon="-000.25787"> 
<time>2026-03-14T13:12:34Z</time>
<speed>005.34</speed>
</trkpt> 
<trkpt lat="+51.47121" lon="-000.25779"> 
<time>2026-03-14T13:12:35Z</time>
<speed>005.30</speed>
</trkpt> 
<trkpt lat="+51.47122" lon="-000.25773"> 
<time>2026-03-14T13:12:36Z</time>
<speed>005.30</speed>
</trkpt> 
<trkpt lat="+51.47124" lon="-000.25766"> 
<time>2026-03-14T13:12:37Z</time>
<speed>005.21</speed>
</trkpt> 
<trkpt lat="+51.47124" lon="-000.25759"> 
<time>2026-03-14T13:12:38Z</time>
<speed>005.21</speed>
</trkpt> 
<trkpt lat="+51.47126" lon="-000.25751"> 
<time>2026-03-14T13:12:39Z</time>
<speed>005.18</speed>
</trkpt> 
<trkpt lat="+51.47126" lon="-000.25744"> 
<time>2026-03-14T13:12:40Z</time>
<speed>005.18</speed>
</trkpt> 
<trkpt lat="+51.47128" lon="-000.25737"> 
<time>2026-03-14T13:12:41Z</time>
<speed>005.20</speed>
</trkpt> 
<trkpt lat="+51.47129" lon="-000.25730"> 
<time>2026-03-14T13:12:42Z</time>
<speed>005.20</speed>
</trkpt> 
<trkpt lat="+51.47131" lon="-000.25724"> 
<time>2026-03-14T13:12:43Z</time>
<speed>005.14</speed>
</trkpt> 
<trkpt lat="+51.47131" lon="-000.25717"> 
<time>2026-03-14T13:12:44Z</time>
<speed>005.14</speed>
</trkpt> 
<trkpt lat="+51.47134" lon="-000.25709"> 
<time>2026-03-14T13:12:45Z</time>
<speed>004.99</speed>
</trkpt> 
<trkpt lat="+51.47135" lon="-000.25703"> 
<time>2026-03-14T13:12:46Z</time>
<speed>004.99</speed>
</trkpt> 
<trkpt lat="+51.47137" lon="-000.25696"> 
<time>2026-03-14T13:12:47Z</time>
<speed>005.01</speed>
</trkpt> 
<trkpt lat="+51.47139" lon="-000.25690"> 
<time>2026-03-14T13:12:48Z</time>
<speed>005.01</speed>
</trkpt> 
<trkpt lat="+51.47141" lon="-000.25684"> 
<time>2026-03-14T13:12:49Z</time>
<speed>005.06</speed>
</trkpt> 
<trkpt lat="+51.47143" lon="-000.25677"> 
<time>2026-03-14T13:12:50Z</time>
<speed>005.06</speed>
</trkpt> 
<trkpt lat="+51.47144" lon="-000.25671"> 
<time>2026-03-14T13:12:51Z</time>
<speed>005.11</speed>
</trkpt> 
<trkpt lat="+51.47147" lon="-000.25665"> 
<time>2026-03-14T13:12:52Z</time>
<speed>005.11</speed>
</trkpt> 
<trkpt lat="+51.47149" lon="-000.25658"> 
<time>2026-03-14T13:12:53Z</time>
<speed>005.02</speed>
</trkpt> 
<trkpt lat="+51.47151" lon="-000.25651"> 
<time>2026-03-14T13:12:54Z</time>
<speed>005.02</speed>
</trkpt> 
<trkpt lat="+51.47152" lon="-000.25644"> 
<time>2026-03-14T13:12:55Z</time>
<speed>005.01</speed>
</trkpt> 
<trkpt lat="+51.47154" lon="-000.25637"> 
<time>2026-03-14T13:12:56Z</time>
<speed>005.01</speed>
</trkpt> 
<trkpt lat="+51.47157" lon="-000.25629"> 
<time>2026-03-14T13:12:57Z</time>
<speed>005.08</speed>
</trkpt> 
<trkpt lat="+51.47159" lon="-000.25624"> 
<time>2026-03-14T13:12:58Z</time>
<speed>005.08</speed>
</trkpt> 
<trkpt lat="+51.47161" lon="-000.25617"> 
<time>2026-03-14T13:12:59Z</time>
<speed>005.10</speed>
</trkpt> 
<trkpt lat="+51.47164" lon="-000.25610"> 
<time>2026-03-14T13:13:00Z</time>
<speed>005.10</speed>
</trkpt> 
<trkpt lat="+51.47166" lon="-000.25602"> 
<time>2026-03-14T13:13:01Z</time>
<speed>005.09</speed>
</trkpt> 
<trkpt lat="+51.47167" lon="-000.25595"> 
<time>2026-03-14T13:13:02Z</time>
<speed>005.09</speed>
</trkpt> 
<trkpt lat="+51.47170" lon="-000.25587"> 
<time>2026-03-14T13:13:03Z</time>
<speed>005.11</speed>
</trkpt> 
<trkpt lat="+51.47172" lon="-000.25581"> 
<time>2026-03-14T13:13:04Z</time>
<speed>005.11</speed>
</trkpt> 
<trkpt lat="+51.47174" lon="-000.25574"> 
<time>2026-03-14T13:13:05Z</time>
<speed>005.22</speed>
</trkpt> 
<trkpt lat="+51.47177" lon="-000.25567"> 
<time>2026-03-14T13:13:06Z</time>
<speed>005.28</speed>
</trkpt> 
<trkpt lat="+51.47179" lon="-000.25561"> 
<time>2026-03-14T13:13:07Z</time>
<speed>005.28</speed>
</trkpt> 
<trkpt lat="+51.47181" lon="-000.25554"> 
<time>2026-03-14T13:13:08Z</time>
<speed>005.22</speed>
</trkpt> 
<trkpt lat="+51.47184" lon="-000.25548"> 
<time>2026-03-14T13:13:09Z</time>
<speed>005.22</speed>
</trkpt> 
<trkpt lat="+51.47187" lon="-000.25542"> 
<time>2026-03-14T13:13:10Z</time>
<speed>005.15</speed>
</trkpt> 
<trkpt lat="+51.47189" lon="-000.25536"> 
<time>2026-03-14T13:13:11Z</time>
<speed>005.15</speed>
</trkpt> 
<trkpt lat="+51.47192" lon="-000.25529"> 
<time>2026-03-14T13:13:12Z</time>
<speed>005.18</speed>
</trkpt> 
<trkpt lat="+51.47194" lon="-000.25523"> 
<time>2026-03-14T13:13:13Z</time>
<speed>005.18</speed>
</trkpt> 
<trkpt lat="+51.47197" lon="-000.25517"> 
<time>2026-03-14T13:13:14Z</time>
<speed>005.22</speed>
</trkpt> 
<trkpt lat="+51.47199" lon="-000.25511"> 
<time>2026-03-14T13:13:15Z</time>
<speed>005.22</speed>
</trkpt> 
<trkpt lat="+51.47202" lon="-000.25506"> 
<time>2026-03-14T13:13:16Z</time>
<speed>005.13</speed>
</trkpt> 
<trkpt lat="+51.47205" lon="-000.25500"> 
<time>2026-03-14T13:13:17Z</time>
<speed>005.13</speed>
</trkpt> 
<trkpt lat="+51.47208" lon="-000.25494"> 
<time>2026-03-14T13:13:18Z</time>
<speed>005.02</speed>
</trkpt> 
<trkpt lat="+51.47211" lon="-000.25488"> 
<time>2026-03-14T13:13:19Z</time>
<speed>005.02</speed>
</trkpt> 
<trkpt lat="+51.47213" lon="-000.25481"> 
<time>2026-03-14T13:13:20Z</time>
<speed>004.97</speed>
</trkpt> 
<trkpt lat="+51.47216" lon="-000.25475"> 
<time>2026-03-14T13:13:21Z</time>
<speed>004.97</speed>
</trkpt> 
<trkpt lat="+51.47219" lon="-000.25469"> 
<time>2026-03-14T13:13:22Z</time>
<speed>005.10</speed>
</trkpt> 
<trkpt lat="+51.47222" lon="-000.25463"> 
<time>2026-03-14T13:13:23Z</time>
<speed>005.10</speed>
</trkpt> 
<trkpt lat="+51.47224" lon="-000.25457"> 
<time>2026-03-14T13:13:24Z</time>
<speed>005.23</speed>
</trkpt> 
<trkpt lat="+51.47228" lon="-000.25451"> 
<time>2026-03-14T13:13:25Z</time>
<speed>005.23</speed>
</trkpt> 
<trkpt lat="+51.47231" lon="-000.25444"> 
<time>2026-03-14T13:13:26Z</time>
<speed>005.25</speed>
</trkpt> 
<trkpt lat="+51.47233" lon="-000.25439"> 
<time>2026-03-14T13:13:27Z</time>
<speed>005.25</speed>
</trkpt> 
<trkpt lat="+51.47236" lon="-000.25433"> 
<time>2026-03-14T13:13:28Z</time>
<speed>005.16</speed>
</trkpt> 
<trkpt lat="+51.47239" lon="-000.25427"> 
<time>2026-03-14T13:13:29Z</time>
<speed>005.16</speed>
</trkpt> 
<trkpt lat="+51.47242" lon="-000.25421"> 
<time>2026-03-14T13:13:30Z</time>
<speed>005.08</speed>
</trkpt> 
<trkpt lat="+51.47244" lon="-000.25415"> 
<time>2026-03-14T13:13:31Z</time>
<speed>005.08</speed>
</trkpt> 
<trkpt lat="+51.47248" lon="-000.25409"> 
<time>2026-03-14T13:13:32Z</time>
<speed>005.10</speed>
</trkpt> 
<trkpt lat="+51.47250" lon="-000.25402"> 
<time>2026-03-14T13:13:33Z</time>
<speed>005.10</speed>
</trkpt> 
<trkpt lat="+51.47254" lon="-000.25397"> 
<time>2026-03-14T13:13:34Z</time>
<speed>005.16</speed>
</trkpt> 
<trkpt lat="+51.47257" lon="-000.25391"> 
<time>2026-03-14T13:13:35Z</time>
<speed>005.16</speed>
</trkpt> 
<trkpt lat="+51.47261" lon="-000.25385"> 
<time>2026-03-14T13:13:36Z</time>
<speed>005.24</speed>
</trkpt> 
<trkpt lat="+51.47265" lon="-000.25380"> 
<time>2026-03-14T13:13:37Z</time>
<speed>005.24</speed>
</trkpt> 
<trkpt lat="+51.47268" lon="-000.25377"> 
<time>2026-03-14T13:13:38Z</time>
<speed>005.27</speed>
</trkpt> 
<trkpt lat="+51.47270" lon="-000.25372"> 
<time>2026-03-14T13:13:39Z</time>
<speed>005.27</speed>
</trkpt> 
<trkpt lat="+51.47272" lon="-000.25369"> 
<time>2026-03-14T13:13:40Z</time>
<speed>004.94</speed>
</trkpt> 
<trkpt lat="+51.47275" lon="-000.25364"> 
<time>2026-03-14T13:13:41Z</time>
<speed>004.94</speed>
</trkpt> 
<trkpt lat="+51.47279" lon="-000.25359"> 
<time>2026-03-14T13:13:42Z</time>
<speed>004.35</speed>
</trkpt> 
<trkpt lat="+51.47283" lon="-000.25353"> 
<time>2026-03-14T13:13:43Z</time>
<speed>004.10</speed>
</trkpt> 
<trkpt lat="+51.47287" lon="-000.25347"> 
<time>2026-03-14T13:13:44Z</time>
<speed>004.10</speed>
</trkpt> 
<trkpt lat="+51.47292" lon="-000.25342"> 
<time>2026-03-14T13:13:45Z</time>
<speed>004.46</speed>
</trkpt> 
<trkpt lat="+51.47296" lon="-000.25337"> 
<time>2026-03-14T13:13:46Z</time>
<speed>004.46</speed>
</trkpt> 
<trkpt lat="+51.47300" lon="-000.25333"> 
<time>2026-03-14T13:13:47Z</time>
<speed>005.14</speed>
</trkpt> 
<trkpt lat="+51.47303" lon="-000.25328"> 
<time>2026-03-14T13:13:48Z</time>
<speed>005.14</speed>
</trkpt> 
<trkpt lat="+51.47308" lon="-000.25324"> 
<time>2026-03-14T13:13:49Z</time>
<speed>005.44</speed>
</trkpt> 
<trkpt lat="+51.47312" lon="-000.25319"> 
<time>2026-03-14T13:13:50Z</time>
<speed>005.44</speed>
</trkpt> 
<trkpt lat="+51.47316" lon="-000.25315"> 
<time>2026-03-14T13:13:51Z</time>
<speed>005.46</speed>
</trkpt> 
<trkpt lat="+51.47320" lon="-000.25311"> 
<time>2026-03-14T13:13:52Z</time>
<speed>005.46</speed>
</trkpt> 
<trkpt lat="+51.47324" lon="-000.25307"> 
<time>2026-03-14T13:13:53Z</time>
<speed>005.42</speed>
</trkpt> 
<trkpt lat="+51.47329" lon="-000.25304"> 
<time>2026-03-14T13:13:54Z</time>
<speed>005.42</speed>
</trkpt> 
<trkpt lat="+51.47334" lon="-000.25300"> 
<time>2026-03-14T13:13:55Z</time>
<speed>005.38</speed>
</trkpt> 
<trkpt lat="+51.47338" lon="-000.25296"> 
<time>2026-03-14T13:13:56Z</time>
<speed>005.38</speed>
</trkpt> 
<trkpt lat="+51.47343" lon="-000.25292"> 
<time>2026-03-14T13:13:57Z</time>
<speed>005.34</speed>
</trkpt> 
<trkpt lat="+51.47347" lon="-000.25288"> 
<time>2026-03-14T13:13:58Z</time>
<speed>005.34</speed>
</trkpt> 
<trkpt lat="+51.47352" lon="-000.25284"> 
<time>2026-03-14T13:13:59Z</time>
<speed>005.37</speed>
</trkpt> 
<trkpt lat="+51.47356" lon="-000.25279"> 
<time>2026-03-14T13:14:00Z</time>
<speed>005.37</speed>
</trkpt> 
<trkpt lat="+51.47360" lon="-000.25276"> 
<time>2026-03-14T13:14:01Z</time>
<speed>005.40</speed>
</trkpt> 
<trkpt lat="+51.47364" lon="-000.25272"> 
<time>2026-03-14T13:14:02Z</time>
<speed>005.40</speed>
</trkpt> 
<trkpt lat="+51.47369" lon="-000.25267"> 
<time>2026-03-14T13:14:03Z</time>
<speed>005.36</speed>
</trkpt> 
<trkpt lat="+51.47373" lon="-000.25264"> 
<time>2026-03-14T13:14:04Z</time>
<speed>005.34</speed>
</trkpt> 
<trkpt lat="+51.47377" lon="-000.25259"> 
<time>2026-03-14T13:14:05Z</time>
<speed>005.34</speed>
</trkpt> 
<trkpt lat="+51.47381" lon="-000.25256"> 
<time>2026-03-14T13:14:06Z</time>
<speed>005.36</speed>
</trkpt> 
<trkpt lat="+51.47386" lon="-000.25252"> 
<time>2026-03-14T13:14:07Z</time>
<speed>005.36</speed>
</trkpt> 
<trkpt lat="+51.47390" lon="-000.25249"> 
<time>2026-03-14T13:14:08Z</time>
<speed>005.39</speed>
</trkpt> 
<trkpt lat="+51.47396" lon="-000.25246"> 
<time>2026-03-14T13:14:09Z</time>
<speed>005.39</speed>
</trkpt> 
<trkpt lat="+51.47399" lon="-000.25242"> 
<time>2026-03-14T13:14:10Z</time>
<speed>005.34</speed>
</trkpt> 
<trkpt lat="+51.47404" lon="-000.25239"> 
<time>2026-03-14T13:14:11Z</time>
<speed>005.34</speed>
</trkpt> 
<trkpt lat="+51.47407" lon="-000.25236"> 
<time>2026-03-14T13:14:12Z</time>
<speed>005.18</speed>
</trkpt> 
<trkpt lat="+51.47412" lon="-000.25233"> 
<time>2026-03-14T13:14:13Z</time>
<speed>005.18</speed>
</trkpt> 
<trkpt lat="+51.47416" lon="-000.25229"> 
<time>2026-03-14T13:14:14Z</time>
<speed>005.11</speed>
</trkpt> 
<trkpt lat="+51.47420" lon="-000.25227"> 
<time>2026-03-14T13:14:15Z</time>
<speed>005.11</speed>
</trkpt> 
<trkpt lat="+51.47424" lon="-000.25224"> 
<time>2026-03-14T13:14:16Z</time>
<speed>004.99</speed>
</trkpt> 
<trkpt lat="+51.47429" lon="-000.25221"> 
<time>2026-03-14T13:14:17Z</time>
<speed>004.99</speed>
</trkpt> 
<trkpt lat="+51.47434" lon="-000.25217"> 
<time>2026-03-14T13:14:18Z</time>
<speed>005.05</speed>
</trkpt> 
<trkpt lat="+51.47439" lon="-000.25214"> 
<time>2026-03-14T13:14:19Z</time>
<speed>005.05</speed>
</trkpt> 
<trkpt lat="+51.47443" lon="-000.25211"> 
<time>2026-03-14T13:14:20Z</time>
<speed>005.13</speed>
</trkpt> 
<trkpt lat="+51.47448" lon="-000.25207"> 
<time>2026-03-14T13:14:21Z</time>
<speed>005.13</speed>
</trkpt> 
<trkpt lat="+51.47453" lon="-000.25204"> 
<time>2026-03-14T13:14:22Z</time>
<speed>005.20</speed>
</trkpt> 
<trkpt lat="+51.47458" lon="-000.25200"> 
<time>2026-03-14T13:14:23Z</time>
<speed>005.30</speed>
</trkpt> 
<trkpt lat="+51.47462" lon="-000.25198"> 
<time>2026-03-14T13:14:24Z</time>
<speed>005.30</speed>
</trkpt> 
<trkpt lat="+51.47466" lon="-000.25195"> 
<time>2026-03-14T13:14:25Z</time>
<speed>005.32</speed>
</trkpt> 
<trkpt lat="+51.47471" lon="-000.25192"> 
<time>2026-03-14T13:14:26Z</time>
<speed>005.32</speed>
</trkpt> 
<trkpt lat="+51.47474" lon="-000.25189"> 
<time>2026-03-14T13:14:27Z</time>
<speed>005.25</speed>
</trkpt> 
<trkpt lat="+51.47479" lon="-000.25187"> 
<time>2026-03-14T13:14:28Z</time>
<speed>005.25</speed>
</trkpt> 
<trkpt lat="+51.47484" lon="-000.25184"> 
<time>2026-03-14T13:14:29Z</time>
<speed>005.12</speed>
</trkpt> 
<trkpt lat="+51.47488" lon="-000.25181"> 
<time>2026-03-14T13:14:30Z</time>
<speed>005.12</speed>
</trkpt> 
<trkpt lat="+51.47493" lon="-000.25179"> 
<time>2026-03-14T13:14:31Z</time>
<speed>005.11</speed>
</trkpt> 
<trkpt lat="+51.47497" lon="-000.25176"> 
<time>2026-03-14T13:14:32Z</time>
<speed>005.11</speed>
</trkpt> 
<trkpt lat="+51.47501" lon="-000.25173"> 
<time>2026-03-14T13:14:33Z</time>
<speed>005.16</speed>
</trkpt> 
<trkpt lat="+51.47505" lon="-000.25170"> 
<time>2026-03-14T13:14:34Z</time>
<speed>005.16</speed>
</trkpt> 
<trkpt lat="+51.47509" lon="-000.25167"> 
<time>2026-03-14T13:14:35Z</time>
<speed>005.16</speed>
</trkpt> 
<trkpt lat="+51.47513" lon="-000.25165"> 
<time>2026-03-14T13:14:36Z</time>
<speed>005.16</speed>
</trkpt> 
<trkpt lat="+51.47517" lon="-000.25162"> 
<time>2026-03-14T13:14:37Z</time>
<speed>005.12</speed>
</trkpt> 
<trkpt lat="+51.47521" lon="-000.25159"> 
<time>2026-03-14T13:14:38Z</time>
<speed>005.12</speed>
</trkpt> 
<trkpt lat="+51.47526" lon="-000.25157"> 
<time>2026-03-14T13:14:39Z</time>
<speed>005.04</speed>
</trkpt> 
<trkpt lat="+51.47529" lon="-000.25155"> 
<time>2026-03-14T13:14:40Z</time>
<speed>005.04</speed>
</trkpt> 
<trkpt lat="+51.47534" lon="-000.25152"> 
<time>2026-03-14T13:14:41Z</time>
<speed>004.96</speed>
</trkpt> 
<trkpt lat="+51.47537" lon="-000.25149"> 
<time>2026-03-14T13:14:42Z</time>
<speed>004.96</speed>
</trkpt> 
<trkpt lat="+51.47542" lon="-000.25147"> 
<time>2026-03-14T13:14:43Z</time>
<speed>004.95</speed>
</trkpt> 
<trkpt lat="+51.47546" lon="-000.25144"> 
<time>2026-03-14T13:14:44Z</time>
<speed>004.95</speed>
</trkpt> 
<trkpt lat="+51.47550" lon="-000.25142"> 
<time>2026-03-14T13:14:45Z</time>
<speed>004.96</speed>
</trkpt> 
<trkpt lat="+51.47554" lon="-000.25139"> 
<time>2026-03-14T13:14:46Z</time>
<speed>005.04</speed>
</trkpt> 
<trkpt lat="+51.47558" lon="-000.25136"> 
<time>2026-03-14T13:14:47Z</time>
<speed>005.04</speed>
</trkpt> 
<trkpt lat="+51.47562" lon="-000.25133"> 
<time>2026-03-14T13:14:48Z</time>
<speed>005.02</speed>
</trkpt> 
<trkpt lat="+51.47567" lon="-000.25131"> 
<time>2026-03-14T13:14:49Z</time>
<speed>005.02</speed>
</trkpt> 
<trkpt lat="+51.47571" lon="-000.25129"> 
<time>2026-03-14T13:14:50Z</time>
<speed>005.00</speed>
</trkpt> 
<trkpt lat="+51.47575" lon="-000.25126"> 
<time>2026-03-14T13:14:51Z</time>
<speed>005.00</speed>
</trkpt> 
<trkpt lat="+51.47579" lon="-000.25122"> 
<time>2026-03-14T13:14:52Z</time>
<speed>005.01</speed>
</trkpt> 
<trkpt lat="+51.47584" lon="-000.25120"> 
<time>2026-03-14T13:14:53Z</time>
<speed>005.01</speed>
</trkpt> 
<trkpt lat="+51.47588" lon="-000.25117"> 
<time>2026-03-14T13:14:54Z</time>
<speed>005.01</speed>
</trkpt> 
<trkpt lat="+51.47592" lon="-000.25116"> 
<time>2026-03-14T13:14:55Z</time>
<speed>005.01</speed>
</trkpt> 
<trkpt lat="+51.47596" lon="-000.25114"> 
<time>2026-03-14T13:14:56Z</time>
<speed>004.96</speed>
</trkpt> 
<trkpt lat="+51.47600" lon="-000.25112"> 
<time>2026-03-14T13:14:57Z</time>
<speed>004.96</speed>
</trkpt> 
<trkpt lat="+51.47604" lon="-000.25110"> 
<time>2026-03-14T13:14:58Z</time>
<speed>004.88</speed>
</trkpt> 
<trkpt lat="+51.47609" lon="-000.25109"> 
<time>2026-03-14T13:14:59Z</time>
<speed>004.88</speed>
</trkpt> 
<trkpt lat="+51.47613" lon="-000.25107"> 
<time>2026-03-14T13:15:00Z</time>
<speed>004.88</speed>
</trkpt> 
<trkpt lat="+51.47617" lon="-000.25105"> 
<time>2026-03-14T13:15:01Z</time>
<speed>004.88</speed>
</trkpt> 
<trkpt lat="+51.47621" lon="-000.25103"> 
<time>2026-03-14T13:15:02Z</time>
<speed>004.94</speed>
</trkpt> 
<trkpt lat="+51.47626" lon="-000.25102"> 
<time>2026-03-14T13:15:03Z</time>
<speed>004.94</speed>
</trkpt> 
<trkpt lat="+51.47630" lon="-000.25102"> 
<time>2026-03-14T13:15:04Z</time>
<speed>004.96</speed>
</trkpt> 
<trkpt lat="+51.47634" lon="-000.25101"> 
<time>2026-03-14T13:15:05Z</time>
<speed>004.96</speed>
</trkpt> 
<trkpt lat="+51.47638" lon="-000.25099"> 
<time>2026-03-14T13:15:06Z</time>
<speed>004.84</speed>
</trkpt> 
<trkpt lat="+51.47643" lon="-000.25099"> 
<time>2026-03-14T13:15:07Z</time>
<speed>004.79</speed>
</trkpt> 
<trkpt lat="+51.47647" lon="-000.25098"> 
<time>2026-03-14T13:15:08Z</time>
<speed>004.79</speed>
</trkpt> 
<trkpt lat="+51.47652" lon="-000.25099"> 
<time>2026-03-14T13:15:09Z</time>
<speed>004.73</speed>
</trkpt> 
<trkpt lat="+51.47657" lon="-000.25098"> 
<time>2026-03-14T13:15:10Z</time>
<speed>004.73</speed>
</trkpt> 
<trkpt lat="+51.47662" lon="-000.25097"> 
<time>2026-03-14T13:15:11Z</time>
<speed>004.89</speed>
</trkpt> 
<trkpt lat="+51.47666" lon="-000.25096"> 
<time>2026-03-14T13:15:12Z</time>
<speed>004.89</speed>
</trkpt> 
<trkpt lat="+51.47671" lon="-000.25095"> 
<time>2026-03-14T13:15:13Z</time>
<speed>004.89</speed>
</trkpt> 
<trkpt lat="+51.47675" lon="-000.25094"> 
<time>2026-03-14T13:15:14Z</time>
<speed>004.89</speed>
</trkpt> 
<trkpt lat="+51.47679" lon="-000.25093"> 
<time>2026-03-14T13:15:15Z</time>
<speed>004.86</speed>
</trkpt> 
<trkpt lat="+51.47684" lon="-000.25092"> 
<time>2026-03-14T13:15:16Z</time>
<speed>004.86</speed>
</trkpt> 
<trkpt lat="+51.47689" lon="-000.25090"> 
<time>2026-03-14T13:15:17Z</time>
<speed>004.70</speed>
</trkpt> 
<trkpt lat="+51.47694" lon="-000.25088"> 
<time>2026-03-14T13:15:18Z</time>
<speed>004.70</speed>
</trkpt> 
<trkpt lat="+51.47699" lon="-000.25086"> 
<time>2026-03-14T13:15:19Z</time>
<speed>004.78</speed>
</trkpt> 
<trkpt lat="+51.47702" lon="-000.25084"> 
<time>2026-03-14T13:15:20Z</time>
<speed>004.78</speed>
</trkpt> 
<trkpt lat="+51.47707" lon="-000.25083"> 
<time>2026-03-14T13:15:21Z</time>
<speed>004.77</speed>
</trkpt> 
<trkpt lat="+51.47711" lon="-000.25082"> 
<time>2026-03-14T13:15:22Z</time>
<speed>004.77</speed>
</trkpt> 
<trkpt lat="+51.47716" lon="-000.25080"> 
<time>2026-03-14T13:15:23Z</time>
<speed>004.77</speed>
</trkpt> 
<trkpt lat="+51.47719" lon="-000.25079"> 
<time>2026-03-14T13:15:24Z</time>
<speed>004.77</speed>
</trkpt> 
<trkpt lat="+51.47724" lon="-000.25077"> 
<time>2026-03-14T13:15:25Z</time>
<speed>004.70</speed>
</trkpt> 
<trkpt lat="+51.47728" lon="-000.25076"> 
<time>2026-03-14T13:15:26Z</time>
<speed>004.70</speed>
</trkpt> 
<trkpt lat="+51.47733" lon="-000.25074"> 
<time>2026-03-14T13:15:27Z</time>
<speed>004.80</speed>
</trkpt> 
<trkpt lat="+51.47737" lon="-000.25074"> 
<time>2026-03-14T13:15:28Z</time>
<speed>004.80</speed>
</trkpt> 
<trkpt lat="+51.47741" lon="-000.25072"> 
<time>2026-03-14T13:15:29Z</time>
<speed>004.84</speed>
</trkpt> 
<trkpt lat="+51.47745" lon="-000.25071"> 
<time>2026-03-14T13:15:30Z</time>
<speed>004.84</speed>
</trkpt> 
<trkpt lat="+51.47750" lon="-000.25070"> 
<time>2026-03-14T13:15:31Z</time>
<speed>004.75</speed>
</trkpt> 
<trkpt lat="+51.47754" lon="-000.25069"> 
<time>2026-03-14T13:15:32Z</time>
<speed>004.70</speed>
</trkpt> 
<trkpt lat="+51.47759" lon="-000.25067"> 
<time>2026-03-14T13:15:33Z</time>
<speed>004.70</speed>
</trkpt> 
<trkpt lat="+51.47764" lon="-000.25067"> 
<time>2026-03-14T13:15:34Z</time>
<speed>004.79</speed>
</trkpt> 
<trkpt lat="+51.47768" lon="-000.25066"> 
<time>2026-03-14T13:15:35Z</time>
<speed>004.79</speed>
</trkpt> 
<trkpt lat="+51.47773" lon="-000.25065"> 
<time>2026-03-14T13:15:36Z</time>
<speed>004.93</speed>
</trkpt> 
<trkpt lat="+51.47778" lon="-000.25066"> 
<time>2026-03-14T13:15:37Z</time>
<speed>004.93</speed>
</trkpt> 
<trkpt lat="+51.47783" lon="-000.25064"> 
<time>2026-03-14T13:15:38Z</time>
<speed>004.93</speed>
</trkpt> 
<trkpt lat="+51.47788" lon="-000.25064"> 
<time>2026-03-14T13:15:39Z</time>
<speed>004.93</speed>
</trkpt> 
<trkpt lat="+51.47793" lon="-000.25062"> 
<time>2026-03-14T13:15:40Z</time>
<speed>004.87</speed>
</trkpt> 
<trkpt lat="+51.47798" lon="-000.25060"> 
<time>2026-03-14T13:15:41Z</time>
<speed>004.87</speed>
</trkpt> 
<trkpt lat="+51.47803" lon="-000.25059"> 
<time>2026-03-14T13:15:42Z</time>
<speed>004.84</speed>
</trkpt> 
<trkpt lat="+51.47807" lon="-000.25057"> 
<time>2026-03-14T13:15:43Z</time>
<speed>004.84</speed>
</trkpt> 
<trkpt lat="+51.47813" lon="-000.25055"> 
<time>2026-03-14T13:15:44Z</time>
<speed>005.02</speed>
</trkpt> 
<trkpt lat="+51.47817" lon="-000.25054"> 
<time>2026-03-14T13:15:45Z</time>
<speed>005.02</speed>
</trkpt> 
<trkpt lat="+51.47821" lon="-000.25052"> 
<time>2026-03-14T13:15:46Z</time>
<speed>005.18</speed>
</trkpt> 
<trkpt lat="+51.47826" lon="-000.25050"> 
<time>2026-03-14T13:15:47Z</time>
<speed>005.18</speed>
</trkpt> 
<trkpt lat="+51.47830" lon="-000.25049"> 
<time>2026-03-14T13:15:48Z</time>
<speed>005.25</speed>
</trkpt> 
<trkpt lat="+51.47834" lon="-000.25047"> 
<time>2026-03-14T13:15:49Z</time>
<speed>005.25</speed>
</trkpt> 
<trkpt lat="+51.47839" lon="-000.25046"> 
<time>2026-03-14T13:15:50Z</time>
<speed>005.13</speed>
</trkpt> 
<trkpt lat="+51.47844" lon="-000.25045"> 
<time>2026-03-14T13:15:51Z</time>
<speed>005.15</speed>
</trkpt> 
<trkpt lat="+51.47849" lon="-000.25044"> 
<time>2026-03-14T13:15:52Z</time>
<speed>005.15</speed>
</trkpt> 
<trkpt lat="+51.47854" lon="-000.25045"> 
<time>2026-03-14T13:15:53Z</time>
<speed>005.18</speed>
</trkpt> 
<trkpt lat="+51.47859" lon="-000.25045"> 
<time>2026-03-14T13:15:54Z</time>
<speed>005.18</speed>
</trkpt> 
<trkpt lat="+51.47864" lon="-000.25045"> 
<time>2026-03-14T13:15:55Z</time>
<speed>005.24</speed>
</trkpt> 
<trkpt lat="+51.47869" lon="-000.25045"> 
<time>2026-03-14T13:15:56Z</time>
<speed>005.24</speed>
</trkpt> 
<trkpt lat="+51.47874" lon="-000.25045"> 
<time>2026-03-14T13:15:57Z</time>
<speed>005.10</speed>
</trkpt> 
<trkpt lat="+51.47879" lon="-000.25045"> 
<time>2026-03-14T13:15:58Z</time>
<speed>005.10</speed>
</trkpt> 
<trkpt lat="+51.47884" lon="-000.25045"> 
<time>2026-03-14T13:15:59Z</time>
<speed>005.11</speed>
</trkpt> 
<trkpt lat="+51.47888" lon="-000.25044"> 
<time>2026-03-14T13:16:00Z</time>
<speed>005.11</speed>
</trkpt> 
<trkpt lat="+51.47892" lon="-000.25044"> 
<time>2026-03-14T13:16:01Z</time>
<speed>005.06</speed>
</trkpt> 
<trkpt lat="+51.47897" lon="-000.25043"> 
<time>2026-03-14T13:16:02Z</time>
<speed>005.06</speed>
</trkpt> 
<trkpt lat="+51.47902" lon="-000.25043"> 
<time>2026-03-14T13:16:03Z</time>
<speed>005.11</speed>
</trkpt> 
<trkpt lat="+51.47907" lon="-000.25043"> 
<time>2026-03-14T13:16:04Z</time>
<speed>005.11</speed>
</trkpt> 
<trkpt lat="+51.47911" lon="-000.25043"> 
<time>2026-03-14T13:16:05Z</time>
<speed>005.06</speed>
</trkpt> 
<trkpt lat="+51.47916" lon="-000.25042"> 
<time>2026-03-14T13:16:06Z</time>
<speed>005.06</speed>
</trkpt> 
<trkpt lat="+51.47921" lon="-000.25042"> 
<time>2026-03-14T13:16:07Z</time>
<speed>005.09</speed>
</trkpt> 
<trkpt lat="+51.47925" lon="-000.25042"> 
<time>2026-03-14T13:16:08Z</time>
<speed>005.09</speed>
</trkpt> 
<trkpt lat="+51.47930" lon="-000.25042"> 
<time>2026-03-14T13:16:09Z</time>
<speed>005.09</speed>
</trkpt> 
<trkpt lat="+51.47934" lon="-000.25042"> 
<time>2026-03-14T13:16:10Z</time>
<speed>005.09</speed>
</trkpt> 
<trkpt lat="+51.47939" lon="-000.25042"> 
<time>2026-03-14T13:16:11Z</time>
<speed>005.12</speed>
</trkpt> 
<trkpt lat="+51.47944" lon="-000.25042"> 
<time>2026-03-14T13:16:12Z</time>
<speed>005.12</speed>
</trkpt> 
<trkpt lat="+51.47949" lon="-000.25043"> 
<time>2026-03-14T13:16:13Z</time>
<speed>005.11</speed>
</trkpt> 
<trkpt lat="+51.47954" lon="-000.25044"> 
<time>2026-03-14T13:16:14Z</time>
<speed>005.11</speed>
</trkpt> 
<trkpt lat="+51.47959" lon="-000.25044"> 
<time>2026-03-14T13:16:15Z</time>
<speed>005.16</speed>
</trkpt> 
<trkpt lat="+51.47964" lon="-000.25044"> 
<time>2026-03-14T13:16:16Z</time>
<speed>005.16</speed>
</trkpt> 
<trkpt lat="+51.47969" lon="-000.25044"> 
<time>2026-03-14T13:16:17Z</time>
<speed>005.14</speed>
</trkpt> 
<trkpt lat="+51.47973" lon="-000.25044"> 
<time>2026-03-14T13:16:18Z</time>
<speed>005.14</speed>
</trkpt> 
<trkpt lat="+51.47978" lon="-000.25043"> 
<time>2026-03-14T13:16:19Z</time>
<speed>005.17</speed>
</trkpt> 
<trkpt lat="+51.47982" lon="-000.25041"> 
<time>2026-03-14T13:16:20Z</time>
<speed>005.10</speed>
</trkpt> 
<trkpt lat="+51.47986" lon="-000.25039"> 
<time>2026-03-14T13:16:21Z</time>
<speed>005.10</speed>
</trkpt> 
<trkpt lat="+51.47990" lon="-000.25037"> 
<time>2026-03-14T13:16:22Z</time>
<speed>005.13</speed>
</trkpt> 
<trkpt lat="+51.47995" lon="-000.25037"> 
<time>2026-03-14T13:16:23Z</time>
<speed>005.13</speed>
</trkpt> 
<trkpt lat="+51.47999" lon="-000.25037"> 
<time>2026-03-14T13:16:24Z</time>
<speed>005.17</speed>
</trkpt> 
<trkpt lat="+51.48004" lon="-000.25037"> 
<time>2026-03-14T13:16:25Z</time>
<speed>005.17</speed>
</trkpt> 
<trkpt lat="+51.48009" lon="-000.25037"> 
<time>2026-03-14T13:16:26Z</time>
<speed>005.27</speed>
</trkpt> 
<trkpt lat="+51.48014" lon="-000.25038"> 
<time>2026-03-14T13:16:27Z</time>
<speed>005.27</speed>
</trkpt> 
<trkpt lat="+51.48018" lon="-000.25038"> 
<time>2026-03-14T13:16:28Z</time>
<speed>005.26</speed>
</trkpt> 
<trkpt lat="+51.48023" lon="-000.25039"> 
<time>2026-03-14T13:16:29Z</time>
<speed>005.26</speed>
</trkpt> 
<trkpt lat="+51.48027" lon="-000.25038"> 
<time>2026-03-14T13:16:30Z</time>
<speed>005.22</speed>
</trkpt> 
<trkpt lat="+51.48032" lon="-000.25037"> 
<time>2026-03-14T13:16:31Z</time>
<speed>005.22</speed>
</trkpt> 
<trkpt lat="+51.48036" lon="-000.25038"> 
<time>2026-03-14T13:16:32Z</time>
<speed>005.03</speed>
</trkpt> 
<trkpt lat="+51.48041" lon="-000.25037"> 
<time>2026-03-14T13:16:33Z</time>
<speed>005.03</speed>
</trkpt> 
<trkpt lat="+51.48046" lon="-000.25037"> 
<time>2026-03-14T13:16:34Z</time>
<speed>004.93</speed>
</trkpt> 
<trkpt lat="+51.48050" lon="-000.25037"> 
<time>2026-03-14T13:16:35Z</time>
<speed>004.93</speed>
</trkpt> 
<trkpt lat="+51.48054" lon="-000.25036"> 
<time>2026-03-14T13:16:36Z</time>
<speed>004.80</speed>
</trkpt> 
<trkpt lat="+51.48059" lon="-000.25035"> 
<time>2026-03-14T13:16:37Z</time>
<speed>004.80</speed>
</trkpt> 
<trkpt lat="+51.48064" lon="-000.25036"> 
<time>2026-03-14T13:16:38Z</time>
<speed>004.81</speed>
</trkpt> 
<trkpt lat="+51.48068" lon="-000.25037"> 
<time>2026-03-14T13:16:39Z</time>
<speed>004.81</speed>
</trkpt> 
<trkpt lat="+51.48073" lon="-000.25037"> 
<time>2026-03-14T13:16:40Z</time>
<speed>004.78</speed>
</trkpt> 
<trkpt lat="+51.48078" lon="-000.25037"> 
<time>2026-03-14T13:16:41Z</time>
<speed>004.78</speed>
</trkpt> 
<trkpt lat="+51.48082" lon="-000.25037"> 
<time>2026-03-14T13:16:42Z</time>
<speed>004.90</speed>
</trkpt> 
<trkpt lat="+51.48086" lon="-000.25035"> 
<time>2026-03-14T13:16:43Z</time>
<speed>004.90</speed>
</trkpt> 
<trkpt lat="+51.48091" lon="-000.25035"> 
<time>2026-03-14T13:16:44Z</time>
<speed>004.90</speed>
</trkpt> 
<trkpt lat="+51.48095" lon="-000.25033"> 
<time>2026-03-14T13:16:45Z</time>
<speed>004.90</speed>
</trkpt> 
<trkpt lat="+51.48099" lon="-000.25033"> 
<time>2026-03-14T13:16:46Z</time>
<speed>004.99</speed>
</trkpt> 
<trkpt lat="+51.48104" lon="-000.25032"> 
<time>2026-03-14T13:16:47Z</time>
<speed>004.99</speed>
</trkpt> 
<trkpt lat="+51.48108" lon="-000.25032"> 
<time>2026-03-14T13:16:48Z</time>
<speed>005.01</speed>
</trkpt> 
<trkpt lat="+51.48112" lon="-000.25031"> 
<time>2026-03-14T13:16:49Z</time>
<speed>005.01</speed>
</trkpt> 
<trkpt lat="+51.48116" lon="-000.25031"> 
<time>2026-03-14T13:16:50Z</time>
<speed>005.06</speed>
</trkpt> 
<trkpt lat="+51.48120" lon="-000.25031"> 
<time>2026-03-14T13:16:51Z</time>
<speed>005.06</speed>
</trkpt> 
<trkpt lat="+51.48125" lon="-000.25031"> 
<time>2026-03-14T13:16:52Z</time>
<speed>004.94</speed>
</trkpt> 
<trkpt lat="+51.48129" lon="-000.25033"> 
<time>2026-03-14T13:16:53Z</time>
<speed>004.94</speed>
</trkpt> 
<trkpt lat="+51.48134" lon="-000.25034"> 
<time>2026-03-14T13:16:54Z</time>
<speed>004.82</speed>
</trkpt> 
<trkpt lat="+51.48138" lon="-000.25035"> 
<time>2026-03-14T13:16:55Z</time>
<speed>004.82</speed>
</trkpt> 
<trkpt lat="+51.48143" lon="-000.25035"> 
<time>2026-03-14T13:16:56Z</time>
<speed>004.80</speed>
</trkpt> 
<trkpt lat="+51.48146" lon="-000.25035"> 
<time>2026-03-14T13:16:57Z</time>
<speed>004.83</speed>
</trkpt> 
<trkpt lat="+51.48151" lon="-000.25036"> 
<time>2026-03-14T13:16:58Z</time>
<speed>004.83</speed>
</trkpt> 
<trkpt lat="+51.48155" lon="-000.25036"> 
<time>2026-03-14T13:16:59Z</time>
<speed>004.81</speed>
</trkpt> 
<trkpt lat="+51.48160" lon="-000.25035"> 
<time>2026-03-14T13:17:00Z</time>
<speed>004.81</speed>
</trkpt> 
<trkpt lat="+51.48164" lon="-000.25035"> 
<time>2026-03-14T13:17:01Z</time>
<speed>004.85</speed>
</trkpt> 
<trkpt lat="+51.48169" lon="-000.25034"> 
<time>2026-03-14T13:17:02Z</time>
<speed>004.85</speed>
</trkpt> 
<trkpt lat="+51.48173" lon="-000.25033"> 
<time>2026-03-14T13:17:03Z</time>
<speed>004.92</speed>
</trkpt> 
<trkpt lat="+51.48177" lon="-000.25032"> 
<time>2026-03-14T13:17:04Z</time>
<speed>004.92</speed>
</trkpt> 
<trkpt lat="+51.48181" lon="-000.25030"> 
<time>2026-03-14T13:17:05Z</time>
<speed>004.95</speed>
</trkpt> 
<trkpt lat="+51.48186" lon="-000.25029"> 
<time>2026-03-14T13:17:06Z</time>
<speed>004.95</speed>
</trkpt> 
<trkpt lat="+51.48191" lon="-000.25029"> 
<time>2026-03-14T13:17:07Z</time>
<speed>004.90</speed>
</trkpt> 
<trkpt lat="+51.48195" lon="-000.25028"> 
<time>2026-03-14T13:17:08Z</time>
<speed>004.90</speed>
</trkpt> 
<trkpt lat="+51.48199" lon="-000.25028"> 
<time>2026-03-14T13:17:09Z</time>
<speed>004.85</speed>
</trkpt> 
<trkpt lat="+51.48204" lon="-000.25027"> 
<time>2026-03-14T13:17:10Z</time>
<speed>004.85</speed>
</trkpt> 
<trkpt lat="+51.48208" lon="-000.25026"> 
<time>2026-03-14T13:17:11Z</time>
<speed>004.87</speed>
</trkpt> 
<trkpt lat="+51.48212" lon="-000.25025"> 
<time>2026-03-14T13:17:12Z</time>
<speed>004.87</speed>
</trkpt> 
<trkpt lat="+51.48216" lon="-000.25024"> 
<time>2026-03-14T13:17:13Z</time>
<speed>004.82</speed>
</trkpt> 
<trkpt lat="+51.48221" lon="-000.25022"> 
<time>2026-03-14T13:17:14Z</time>
<speed>004.82</speed>
</trkpt> 
<trkpt lat="+51.48225" lon="-000.25020"> 
<time>2026-03-14T13:17:15Z</time>
<speed>004.82</speed>
</trkpt> 
<trkpt lat="+51.48229" lon="-000.25019"> 
<time>2026-03-14T13:17:16Z</time>
<speed>004.82</speed>
</trkpt> 
<trkpt lat="+51.48234" lon="-000.25017"> 
<time>2026-03-14T13:17:17Z</time>
<speed>004.82</speed>
</trkpt> 
<trkpt lat="+51.48238" lon="-000.25016"> 
<time>2026-03-14T13:17:18Z</time>
<speed>004.82</speed>
</trkpt> 
<trkpt lat="+51.48242" lon="-000.25014"> 
<time>2026-03-14T13:17:19Z</time>
<speed>004.84</speed>
</trkpt> 
<trkpt lat="+51.48246" lon="-000.25012"> 
<time>2026-03-14T13:17:20Z</time>
<speed>004.84</speed>
</trkpt> 
<trkpt lat="+51.48251" lon="-000.25010"> 
<time>2026-03-14T13:17:21Z</time>
<speed>004.82</speed>
</trkpt> 
<trkpt lat="+51.48255" lon="-000.25009"> 
<time>2026-03-14T13:17:22Z</time>
<speed>004.82</speed>
</trkpt> 
<trkpt lat="+51.48259" lon="-000.25007"> 
<time>2026-03-14T13:17:23Z</time>
<speed>004.81</speed>
</trkpt> 
<trkpt lat="+51.48264" lon="-000.25004"> 
<time>2026-03-14T13:17:24Z</time>
<speed>004.81</speed>
</trkpt> 
<trkpt lat="+51.48268" lon="-000.25002"> 
<time>2026-03-14T13:17:25Z</time>
<speed>004.90</speed>
</trkpt> 
<trkpt lat="+51.48273" lon="-000.25000"> 
<time>2026-03-14T13:17:26Z</time>
<speed>004.90</speed>
</trkpt> 
<trkpt lat="+51.48277" lon="-000.25000"> 
<time>2026-03-14T13:17:27Z</time>
<speed>004.97</speed>
</trkpt> 
<trkpt lat="+51.48281" lon="-000.24997"> 
<time>2026-03-14T13:17:28Z</time>
<speed>004.97</speed>
</trkpt> 
<trkpt lat="+51.48286" lon="-000.24996"> 
<time>2026-03-14T13:17:29Z</time>
<speed>004.99</speed>
</trkpt> 
<trkpt lat="+51.48289" lon="-000.24993"> 
<time>2026-03-14T13:17:30Z</time>
<speed>004.99</speed>
</trkpt> 
<trkpt lat="+51.48294" lon="-000.24991"> 
<time>2026-03-14T13:17:31Z</time>
<speed>004.97</speed>
</trkpt> 
<trkpt lat="+51.48298" lon="-000.24988"> 
<time>2026-03-14T13:17:32Z</time>
<speed>004.97</speed>
</trkpt> 
<trkpt lat="+51.48301" lon="-000.24986"> 
<time>2026-03-14T13:17:33Z</time>
<speed>004.91</speed>
</trkpt> 
<trkpt lat="+51.48305" lon="-000.24983"> 
<time>2026-03-14T13:17:34Z</time>
<speed>004.87</speed>
</trkpt> 
<trkpt lat="+51.48309" lon="-000.24981"> 
<time>2026-03-14T13:17:35Z</time>
<speed>004.87</speed>
</trkpt> 
<trkpt lat="+51.48314" lon="-000.24978"> 
<time>2026-03-14T13:17:36Z</time>
<speed>004.83</speed>
</trkpt> 
<trkpt lat="+51.48318" lon="-000.24976"> 
<time>2026-03-14T13:17:37Z</time>
<speed>004.83</speed>
</trkpt> 
<trkpt lat="+51.48321" lon="-000.24973"> 
<time>2026-03-14T13:17:38Z</time>
<speed>004.79</speed>
</trkpt> 
<trkpt lat="+51.48326" lon="-000.24970"> 
<time>2026-03-14T13:17:39Z</time>
<speed>004.79</speed>
</trkpt> 
<trkpt lat="+51.48331" lon="-000.24967"> 
<time>2026-03-14T13:17:40Z</time>
<speed>004.85</speed>
</trkpt> 
<trkpt lat="+51.48334" lon="-000.24964"> 
<time>2026-03-14T13:17:41Z</time>
<speed>004.85</speed>
</trkpt> 
<trkpt lat="+51.48337" lon="-000.24961"> 
<time>2026-03-14T13:17:42Z</time>
<speed>004.87</speed>
</trkpt> 
<trkpt lat="+51.48342" lon="-000.24958"> 
<time>2026-03-14T13:17:43Z</time>
<speed>004.87</speed>
</trkpt> 
<trkpt lat="+51.48346" lon="-000.24954"> 
<time>2026-03-14T13:17:44Z</time>
<speed>004.91</speed>
</trkpt> 
<trkpt lat="+51.48349" lon="-000.24951"> 
<time>2026-03-14T13:17:45Z</time>
<speed>004.91</speed>
</trkpt> 
<trkpt lat="+51.48354" lon="-000.24948"> 
<time>2026-03-14T13:17:46Z</time>
<speed>004.91</speed>
</trkpt> 
<trkpt lat="+51.48358" lon="-000.24944"> 
<time>2026-03-14T13:17:47Z</time>
<speed>004.91</speed>
</trkpt> 
<trkpt lat="+51.48362" lon="-000.24941"> 
<time>2026-03-14T13:17:48Z</time>
<speed>004.97</speed>
</trkpt> 
<trkpt lat="+51.48366" lon="-000.24936"> 
<time>2026-03-14T13:17:49Z</time>
<speed>004.97</speed>
</trkpt> 
<trkpt lat="+51.48371" lon="-000.24933"> 
<time>2026-03-14T13:17:50Z</time>
<speed>005.06</speed>
</trkpt> 
<trkpt lat="+51.48374" lon="-000.24929"> 
<time>2026-03-14T13:17:51Z</time>
<speed>005.06</speed>
</trkpt> 
<trkpt lat="+51.48379" lon="-000.24926"> 
<time>2026-03-14T13:17:52Z</time>
<speed>005.14</speed>
</trkpt> 
<trkpt lat="+51.48382" lon="-000.24922"> 
<time>2026-03-14T13:17:53Z</time>
<speed>005.14</speed>
</trkpt> 
<trkpt lat="+51.48387" lon="-000.24919"> 
<time>2026-03-14T13:17:54Z</time>
<speed>005.15</speed>
</trkpt> 
<trkpt lat="+51.48390" lon="-000.24916"> 
<time>2026-03-14T13:17:55Z</time>
<speed>005.15</speed>
</trkpt> 
<trkpt lat="+51.48394" lon="-000.24913"> 
<time>2026-03-14T13:17:56Z</time>
<speed>005.13</speed>
</trkpt> 
<trkpt lat="+51.48398" lon="-000.24910"> 
<time>2026-03-14T13:17:57Z</time>
<speed>005.13</speed>
</trkpt> 
<trkpt lat="+51.48402" lon="-000.24906"> 
<time>2026-03-14T13:17:58Z</time>
<speed>004.95</speed>
</trkpt> 
<trkpt lat="+51.48407" lon="-000.24903"> 
<time>2026-03-14T13:17:59Z</time>
<speed>004.95</speed>
</trkpt> 
<trkpt lat="+51.48411" lon="-000.24899"> 
<time>2026-03-14T13:18:00Z</time>
<speed>004.89</speed>
</trkpt> 
<trkpt lat="+51.48416" lon="-000.24896"> 
<time>2026-03-14T13:18:01Z</time>
<speed>004.89</speed>
</trkpt> 
<trkpt lat="+51.48420" lon="-000.24892"> 
<time>2026-03-14T13:18:02Z</time>
<speed>005.00</speed>
</trkpt> 
<trkpt lat="+51.48424" lon="-000.24889"> 
<time>2026-03-14T13:18:03Z</time>
<speed>005.00</speed>
</trkpt> 
<trkpt lat="+51.48428" lon="-000.24884"> 
<time>2026-03-14T13:18:04Z</time>
<speed>005.16</speed>
</trkpt> 
<trkpt lat="+51.48432" lon="-000.24881"> 
<time>2026-03-14T13:18:05Z</time>
<speed>005.16</speed>
</trkpt> 
<trkpt lat="+51.48436" lon="-000.24877"> 
<time>2026-03-14T13:18:06Z</time>
<speed>005.17</speed>
</trkpt> 
<trkpt lat="+51.48439" lon="-000.24873"> 
<time>2026-03-14T13:18:07Z</time>
<speed>005.17</speed>
</trkpt> 
<trkpt lat="+51.48443" lon="-000.24869"> 
<time>2026-03-14T13:18:08Z</time>
<speed>005.05</speed>
</trkpt> 
<trkpt lat="+51.48447" lon="-000.24865"> 
<time>2026-03-14T13:18:09Z</time>
<speed>005.03</speed>
</trkpt> 
<trkpt lat="+51.48451" lon="-000.24861"> 
<time>2026-03-14T13:18:10Z</time>
<speed>005.03</speed>
</trkpt> 
<trkpt lat="+51.48454" lon="-000.24858"> 
<time>2026-03-14T13:18:11Z</time>
<speed>005.04</speed>
</trkpt> 
<trkpt lat="+51.48459" lon="-000.24854"> 
<time>2026-03-14T13:18:12Z</time>
<speed>005.04</speed>
</trkpt> 
<trkpt lat="+51.48463" lon="-000.24850"> 
<time>2026-03-14T13:18:13Z</time>
<speed>005.11</speed>
</trkpt> 
<trkpt lat="+51.48467" lon="-000.24848"> 
<time>2026-03-14T13:18:14Z</time>
<speed>005.11</speed>
</trkpt> 
<trkpt lat="+51.48471" lon="-000.24844"> 
<time>2026-03-14T13:18:15Z</time>
<speed>005.12</speed>
</trkpt> 
<trkpt lat="+51.48475" lon="-000.24841"> 
<time>2026-03-14T13:18:16Z</time>
<speed>005.12</speed>
</trkpt> 
<trkpt lat="+51.48479" lon="-000.24837"> 
<time>2026-03-14T13:18:17Z</time>
<speed>005.07</speed>
</trkpt> 
<trkpt lat="+51.48482" lon="-000.24833"> 
<time>2026-03-14T13:18:18Z</time>
<speed>005.07</speed>
</trkpt> 
<trkpt lat="+51.48486" lon="-000.24829"> 
<time>2026-03-14T13:18:19Z</time>
<speed>005.04</speed>
</trkpt> 
<trkpt lat="+51.48490" lon="-000.24825"> 
<time>2026-03-14T13:18:20Z</time>
<speed>005.04</speed>
</trkpt> 
<trkpt lat="+51.48494" lon="-000.24821"> 
<time>2026-03-14T13:18:21Z</time>
<speed>004.99</speed>
</trkpt> 
<trkpt lat="+51.48498" lon="-000.24817"> 
<time>2026-03-14T13:18:22Z</time>
<speed>004.99</speed>
</trkpt> 
<trkpt lat="+51.48501" lon="-000.24813"> 
<time>2026-03-14T13:18:23Z</time>
<speed>005.04</speed>
</trkpt> 
<trkpt lat="+51.48504" lon="-000.24809"> 
<time>2026-03-14T13:18:24Z</time>
<speed>005.04</speed>
</trkpt> 
<trkpt lat="+51.48509" lon="-000.24804"> 
<time>2026-03-14T13:18:25Z</time>
<speed>005.05</speed>
</trkpt> 
<trkpt lat="+51.48512" lon="-000.24800"> 
<time>2026-03-14T13:18:26Z</time>
<speed>005.05</speed>
</trkpt> 
<trkpt lat="+51.48516" lon="-000.24796"> 
<time>2026-03-14T13:18:27Z</time>
<speed>005.11</speed>
</trkpt> 
<trkpt lat="+51.48519" lon="-000.24792"> 
<time>2026-03-14T13:18:28Z</time>
<speed>005.11</speed>
</trkpt> 
<trkpt lat="+51.48524" lon="-000.24788"> 
<time>2026-03-14T13:18:29Z</time>
<speed>005.13</speed>
</trkpt> 
<trkpt lat="+51.48527" lon="-000.24784"> 
<time>2026-03-14T13:18:30Z</time>
<speed>005.13</speed>
</trkpt> 
<trkpt lat="+51.48531" lon="-000.24779"> 
<time>2026-03-14T13:18:31Z</time>
<speed>005.13</speed>
</trkpt> 
<trkpt lat="+51.48534" lon="-000.24775"> 
<time>2026-03-14T13:18:32Z</time>
<speed>005.02</speed>
</trkpt> 
<trkpt lat="+51.48537" lon="-000.24771"> 
<time>2026-03-14T13:18:33Z</time>
<speed>005.02</speed>
</trkpt> 
<trkpt lat="+51.48541" lon="-000.24766"> 
<time>2026-03-14T13:18:34Z</time>
<speed>004.97</speed>
</trkpt> 
<trkpt lat="+51.48544" lon="-000.24761"> 
<time>2026-03-14T13:18:35Z</time>
<speed>004.97</speed>
</trkpt> 
<trkpt lat="+51.48547" lon="-000.24756"> 
<time>2026-03-14T13:18:36Z</time>
<speed>004.92</speed>
</trkpt> 
<trkpt lat="+51.48550" lon="-000.24751"> 
<time>2026-03-14T13:18:37Z</time>
<speed>004.92</speed>
</trkpt> 
<trkpt lat="+51.48554" lon="-000.24745"> 
<time>2026-03-14T13:18:38Z</time>
<speed>004.94</speed>
</trkpt> 
<trkpt lat="+51.48557" lon="-000.24740"> 
<time>2026-03-14T13:18:39Z</time>
<speed>004.94</speed>
</trkpt> 
<trkpt lat="+51.48560" lon="-000.24734"> 
<time>2026-03-14T13:18:40Z</time>
<speed>004.94</speed>
</trkpt> 
<trkpt lat="+51.48564" lon="-000.24729"> 
<time>2026-03-14T13:18:41Z</time>
<speed>004.94</speed>
</trkpt> 
<trkpt lat="+51.48567" lon="-000.24724"> 
<time>2026-03-14T13:18:42Z</time>
<speed>004.94</speed>
</trkpt> 
<trkpt lat="+51.48570" lon="-000.24719"> 
<time>2026-03-14T13:18:43Z</time>
<speed>004.94</speed>
</trkpt> 
<trkpt lat="+51.48574" lon="-000.24714"> 
<time>2026-03-14T13:18:44Z</time>
<speed>004.99</speed>
</trkpt> 
<trkpt lat="+51.48576" lon="-000.24709"> 
<time>2026-03-14T13:18:45Z</time>
<speed>004.99</speed>
</trkpt> 
<trkpt lat="+51.48579" lon="-000.24704"> 
<time>2026-03-14T13:18:46Z</time>
<speed>004.93</speed>
</trkpt> 
<trkpt lat="+51.48583" lon="-000.24699"> 
<time>2026-03-14T13:18:47Z</time>
<speed>004.93</speed>
</trkpt> 
<trkpt lat="+51.48585" lon="-000.24693"> 
<time>2026-03-14T13:18:48Z</time>
<speed>004.86</speed>
</trkpt> 
<trkpt lat="+51.48589" lon="-000.24687"> 
<time>2026-03-14T13:18:49Z</time>
<speed>004.86</speed>
</trkpt> 
<trkpt lat="+51.48592" lon="-000.24681"> 
<time>2026-03-14T13:18:50Z</time>
<speed>004.84</speed>
</trkpt> 
<trkpt lat="+51.48595" lon="-000.24677"> 
<time>2026-03-14T13:18:51Z</time>
<speed>004.84</speed>
</trkpt> 
<trkpt lat="+51.48599" lon="-000.24672"> 
<time>2026-03-14T13:18:52Z</time>
<speed>004.89</speed>
</trkpt> 
<trkpt lat="+51.48602" lon="-000.24667"> 
<time>2026-03-14T13:18:53Z</time>
<speed>004.89</speed>
</trkpt> 
<trkpt lat="+51.48606" lon="-000.24663"> 
<time>2026-03-14T13:18:54Z</time>
<speed>004.99</speed>
</trkpt> 
<trkpt lat="+51.48609" lon="-000.24658"> 
<time>2026-03-14T13:18:55Z</time>
<speed>004.99</speed>
</trkpt> 
<trkpt lat="+51.48612" lon="-000.24654"> 
<time>2026-03-14T13:18:56Z</time>
<speed>004.97</speed>
</trkpt> 
<trkpt lat="+51.48614" lon="-000.24649"> 
<time>2026-03-14T13:18:57Z</time>
<speed>004.97</speed>
</trkpt> 
<trkpt lat="+51.48617" lon="-000.24644"> 
<time>2026-03-14T13:18:58Z</time>
<speed>004.91</speed>
</trkpt> 
<trkpt lat="+51.48621" lon="-000.24640"> 
<time>2026-03-14T13:18:59Z</time>
<speed>004.91</speed>
</trkpt> 
<trkpt lat="+51.48624" lon="-000.24635"> 
<time>2026-03-14T13:19:00Z</time>
<speed>004.83</speed>
</trkpt> 
<trkpt lat="+51.48627" lon="-000.24631"> 
<time>2026-03-14T13:19:01Z</time>
<speed>004.83</speed>
</trkpt> 
<trkpt lat="+51.48631" lon="-000.24626"> 
<time>2026-03-14T13:19:02Z</time>
<speed>004.83</speed>
</trkpt> 
<trkpt lat="+51.48634" lon="-000.24621"> 
<time>2026-03-14T13:19:03Z</time>
<speed>004.83</speed>
</trkpt> 
<trkpt lat="+51.48637" lon="-000.24616"> 
<time>2026-03-14T13:19:04Z</time>
<speed>004.94</speed>
</trkpt> 
<trkpt lat="+51.48641" lon="-000.24610"> 
<time>2026-03-14T13:19:05Z</time>
<speed>004.94</speed>
</trkpt> 
<trkpt lat="+51.48644" lon="-000.24604"> 
<time>2026-03-14T13:19:06Z</time>
<speed>005.08</speed>
</trkpt> 
<trkpt lat="+51.48647" lon="-000.24600"> 
<time>2026-03-14T13:19:07Z</time>
<speed>005.08</speed>
</trkpt> 
<trkpt lat="+51.48650" lon="-000.24594"> 
<time>2026-03-14T13:19:08Z</time>
<speed>005.13</speed>
</trkpt> 
<trkpt lat="+51.48653" lon="-000.24589"> 
<time>2026-03-14T13:19:09Z</time>
<speed>005.13</speed>
</trkpt> 
<trkpt lat="+51.48656" lon="-000.24583"> 
<time>2026-03-14T13:19:10Z</time>
<speed>005.12</speed>
</trkpt> 
<trkpt lat="+51.48659" lon="-000.24578"> 
<time>2026-03-14T13:19:11Z</time>
<speed>005.12</speed>
</trkpt> 
<trkpt lat="+51.48663" lon="-000.24573"> 
<time>2026-03-14T13:19:12Z</time>
<speed>005.02</speed>
</trkpt> 
<trkpt lat="+51.48666" lon="-000.24568"> 
<time>2026-03-14T13:19:13Z</time>
<speed>004.93</speed>
</trkpt> 
<trkpt lat="+51.48669" lon="-000.24563"> 
<time>2026-03-14T13:19:14Z</time>
<speed>004.93</speed>
</trkpt> 
<trkpt lat="+51.48672" lon="-000.24557"> 
<time>2026-03-14T13:19:15Z</time>
<speed>004.92</speed>
</trkpt> 
<trkpt lat="+51.48675" lon="-000.24552"> 
<time>2026-03-14T13:19:16Z</time>
<speed>004.92</speed>
</trkpt> 
<trkpt lat="+51.48679" lon="-000.24547"> 
<time>2026-03-14T13:19:17Z</time>
<speed>004.96</speed>
</trkpt> 
<trkpt lat="+51.48681" lon="-000.24542"> 
<time>2026-03-14T13:19:18Z</time>
<speed>004.96</speed>
</trkpt> 
<trkpt lat="+51.48684" lon="-000.24536"> 
<time>2026-03-14T13:19:19Z</time>
<speed>005.04</speed>
</trkpt> 
<trkpt lat="+51.48687" lon="-000.24531"> 
<time>2026-03-14T13:19:20Z</time>
<speed>005.04</speed>
</trkpt> 
<trkpt lat="+51.48690" lon="-000.24524"> 
<time>2026-03-14T13:19:21Z</time>
<speed>005.08</speed>
</trkpt> 
<trkpt lat="+51.48694" lon="-000.24519"> 
<time>2026-03-14T13:19:22Z</time>
<speed>005.08</speed>
</trkpt> 
<trkpt lat="+51.48696" lon="-000.24514"> 
<time>2026-03-14T13:19:23Z</time>
<speed>005.15</speed>
</trkpt> 
<trkpt lat="+51.48700" lon="-000.24507"> 
<time>2026-03-14T13:19:24Z</time>
<speed>005.15</speed>
</trkpt> 
<trkpt lat="+51.48703" lon="-000.24502"> 
<time>2026-03-14T13:19:25Z</time>
<speed>005.20</speed>
</trkpt> 
<trkpt lat="+51.48706" lon="-000.24497"> 
<time>2026-03-14T13:19:26Z</time>
<speed>005.20</speed>
</trkpt> 
<trkpt lat="+51.48709" lon="-000.24491"> 
<time>2026-03-14T13:19:27Z</time>
<speed>005.14</speed>
</trkpt> 
<trkpt lat="+51.48712" lon="-000.24486"> 
<time>2026-03-14T13:19:28Z</time>
<speed>005.14</speed>
</trkpt> 
<trkpt lat="+51.48714" lon="-000.24481"> 
<time>2026-03-14T13:19:29Z</time>
<speed>005.06</speed>
</trkpt> 
<trkpt lat="+51.48717" lon="-000.24475"> 
<time>2026-03-14T13:19:30Z</time>
<speed>005.06</speed>
</trkpt> 
<trkpt lat="+51.48721" lon="-000.24469"> 
<time>2026-03-14T13:19:31Z</time>
<speed>004.98</speed>
</trkpt> 
<trkpt lat="+51.48724" lon="-000.24464"> 
<time>2026-03-14T13:19:32Z</time>
<speed>004.98</speed>
</trkpt> 
<trkpt lat="+51.48727" lon="-000.24459"> 
<time>2026-03-14T13:19:33Z</time>
<speed>005.03</speed>
</trkpt> 
<trkpt lat="+51.48731" lon="-000.24454"> 
<time>2026-03-14T13:19:34Z</time>
<speed>005.03</speed>
</trkpt> 
<trkpt lat="+51.48734" lon="-000.24448"> 
<time>2026-03-14T13:19:35Z</time>
<speed>005.08</speed>
</trkpt> 
<trkpt lat="+51.48737" lon="-000.24442"> 
<time>2026-03-14T13:19:36Z</time>
<speed>005.08</speed>
</trkpt> 
<trkpt lat="+51.48740" lon="-000.24437"> 
<time>2026-03-14T13:19:37Z</time>
<speed>005.17</speed>
</trkpt> 
<trkpt lat="+51.48743" lon="-000.24431"> 
<time>2026-03-14T13:19:38Z</time>
<speed>005.17</speed>
</trkpt> 
<trkpt lat="+51.48746" lon="-000.24425"> 
<time>2026-03-14T13:19:39Z</time>
<speed>005.14</speed>
</trkpt> 
<trkpt lat="+51.48749" lon="-000.24420"> 
<time>2026-03-14T13:19:40Z</time>
<speed>005.14</speed>
</trkpt> 
<trkpt lat="+51.48753" lon="-000.24415"> 
<time>2026-03-14T13:19:41Z</time>
<speed>005.12</speed>
</trkpt> 
<trkpt lat="+51.48756" lon="-000.24411"> 
<time>2026-03-14T13:19:42Z</time>
<speed>005.12</speed>
</trkpt> 
<trkpt lat="+51.48759" lon="-000.24405"> 
<time>2026-03-14T13:19:43Z</time>
<speed>005.03</speed>
</trkpt> 
<trkpt lat="+51.48763" lon="-000.24401"> 
<time>2026-03-14T13:19:44Z</time>
<speed>004.99</speed>
</trkpt> 
<trkpt lat="+51.48766" lon="-000.24396"> 
<time>2026-03-14T13:19:45Z</time>
<speed>004.99</speed>
</trkpt> 
<trkpt lat="+51.48769" lon="-000.24391"> 
<time>2026-03-14T13:19:46Z</time>
<speed>004.85</speed>
</trkpt> 
<trkpt lat="+51.48772" lon="-000.24386"> 
<time>2026-03-14T13:19:47Z</time>
<speed>004.85</speed>
</trkpt> 
<trkpt lat="+51.48775" lon="-000.24381"> 
<time>2026-03-14T13:19:48Z</time>
<speed>004.83</speed>
</trkpt> 
<trkpt lat="+51.48778" lon="-000.24376"> 
<time>2026-03-14T13:19:49Z</time>
<speed>004.83</speed>
</trkpt> 
<trkpt lat="+51.48781" lon="-000.24371"> 
<time>2026-03-14T13:19:50Z</time>
<speed>004.83</speed>
</trkpt> 
<trkpt lat="+51.48784" lon="-000.24366"> 
<time>2026-03-14T13:19:51Z</time>
<speed>004.83</speed>
</trkpt> 
<trkpt lat="+51.48787" lon="-000.24359"> 
<time>2026-03-14T13:19:52Z</time>
<speed>004.91</speed>
</trkpt> 
<trkpt lat="+51.48789" lon="-000.24354"> 
<time>2026-03-14T13:19:53Z</time>
<speed>004.91</speed>
</trkpt> 
<trkpt lat="+51.48792" lon="-000.24349"> 
<time>2026-03-14T13:19:54Z</time>
<speed>004.89</speed>
</trkpt> 
<trkpt lat="+51.48794" lon="-000.24344"> 
<time>2026-03-14T13:19:55Z</time>
<speed>004.89</speed>
</trkpt> 
<trkpt lat="+51.48798" lon="-000.24339"> 
<time>2026-03-14T13:19:56Z</time>
<speed>004.76</speed>
</trkpt> 
<trkpt lat="+51.48800" lon="-000.24333"> 
<time>2026-03-14T13:19:57Z</time>
<speed>004.76</speed>
</trkpt> 
<trkpt lat="+51.48803" lon="-000.24327"> 
<time>2026-03-14T13:19:58Z</time>
<speed>004.75</speed>
</trkpt> 
<trkpt lat="+51.48806" lon="-000.24322"> 
<time>2026-03-14T13:19:59Z</time>
<speed>004.75</speed>
</trkpt> 
<trkpt lat="+51.48809" lon="-000.24316"> 
<time>2026-03-14T13:20:00Z</time>
<speed>004.74</speed>
</trkpt> 
<trkpt lat="+51.48812" lon="-000.24311"> 
<time>2026-03-14T13:20:01Z</time>
<speed>004.74</speed>
</trkpt> 
<trkpt lat="+51.48816" lon="-000.24306"> 
<time>2026-03-14T13:20:02Z</time>
<speed>004.89</speed>
</trkpt> 
<trkpt lat="+51.48818" lon="-000.24300"> 
<time>2026-03-14T13:20:03Z</time>
<speed>004.89</speed>
</trkpt> 
<trkpt lat="+51.48821" lon="-000.24294"> 
<time>2026-03-14T13:20:04Z</time>
<speed>004.90</speed>
</trkpt> 
<trkpt lat="+51.48824" lon="-000.24289"> 
<time>2026-03-14T13:20:05Z</time>
<speed>004.90</speed>
</trkpt> 
<trkpt lat="+51.48828" lon="-000.24282"> 
<time>2026-03-14T13:20:06Z</time>
<speed>004.99</speed>
</trkpt> 
<trkpt lat="+51.48830" lon="-000.24277"> 
<time>2026-03-14T13:20:07Z</time>
<speed>004.99</speed>
</trkpt> 
<trkpt lat="+51.48833" lon="-000.24270"> 
<time>2026-03-14T13:20:08Z</time>
<speed>004.95</speed>
</trkpt> 
<trkpt lat="+51.48835" lon="-000.24264"> 
<time>2026-03-14T13:20:09Z</time>
<speed>004.95</speed>
</trkpt> 
<trkpt lat="+51.48838" lon="-000.24259"> 
<time>2026-03-14T13:20:10Z</time>
<speed>004.97</speed>
</trkpt> 
<trkpt lat="+51.48841" lon="-000.24252"> 
<time>2026-03-14T13:20:11Z</time>
<speed>004.97</speed>
</trkpt> 
<trkpt lat="+51.48844" lon="-000.24246"> 
<time>2026-03-14T13:20:12Z</time>
<speed>004.94</speed>
</trkpt> 
<trkpt lat="+51.48847" lon="-000.24241"> 
<time>2026-03-14T13:20:13Z</time>
<speed>004.94</speed>
</trkpt> 
<trkpt lat="+51.48849" lon="-000.24234"> 
<time>2026-03-14T13:20:14Z</time>
<speed>005.06</speed>
</trkpt> 
<trkpt lat="+51.48852" lon="-000.24229"> 
<time>2026-03-14T13:20:15Z</time>
<speed>005.06</speed>
</trkpt> 
<trkpt lat="+51.48855" lon="-000.24223"> 
<time>2026-03-14T13:20:16Z</time>
<speed>005.10</speed>
</trkpt> 
<trkpt lat="+51.48857" lon="-000.24217"> 
<time>2026-03-14T13:20:17Z</time>
<speed>005.07</speed>
</trkpt> 
<trkpt lat="+51.48860" lon="-000.24211"> 
<time>2026-03-14T13:20:18Z</time>
<speed>005.07</speed>
</trkpt> 
<trkpt lat="+51.48863" lon="-000.24206"> 
<time>2026-03-14T13:20:19Z</time>
<speed>005.04</speed>
</trkpt> 
<trkpt lat="+51.48866" lon="-000.24200"> 
<time>2026-03-14T13:20:20Z</time>
<speed>005.04</speed>
</trkpt> 
<trkpt lat="+51.48868" lon="-000.24194"> 
<time>2026-03-14T13:20:21Z</time>
<speed>005.06</speed>
</trkpt> 
<trkpt lat="+51.48871" lon="-000.24188"> 
<time>2026-03-14T13:20:22Z</time>
<speed>005.06</speed>
</trkpt> 
<trkpt lat="+51.48874" lon="-000.24182"> 
<time>2026-03-14T13:20:23Z</time>
<speed>005.09</speed>
</trkpt> 
<trkpt lat="+51.48876" lon="-000.24176"> 
<time>2026-03-14T13:20:24Z</time>
<speed>005.09</speed>
</trkpt> 
<trkpt lat="+51.48879" lon="-000.24171"> 
<time>2026-03-14T13:20:25Z</time>
<speed>005.04</speed>
</trkpt> 
<trkpt lat="+51.48881" lon="-000.24166"> 
<time>2026-03-14T13:20:26Z</time>
<speed>005.04</speed>
</trkpt> 
<trkpt lat="+51.48884" lon="-000.24160"> 
<time>2026-03-14T13:20:27Z</time>
<speed>005.04</speed>
</trkpt> 
<trkpt lat="+51.48886" lon="-000.24154"> 
<time>2026-03-14T13:20:28Z</time>
<speed>005.04</speed>
</trkpt> 
<trkpt lat="+51.48889" lon="-000.24148"> 
<time>2026-03-14T13:20:29Z</time>
<speed>005.05</speed>
</trkpt> 
<trkpt lat="+51.48891" lon="-000.24141"> 
<time>2026-03-14T13:20:30Z</time>
<speed>005.05</speed>
</trkpt> 
<trkpt lat="+51.48894" lon="-000.24134"> 
<time>2026-03-14T13:20:31Z</time>
<speed>005.10</speed>
</trkpt> 
<trkpt lat="+51.48896" lon="-000.24129"> 
<time>2026-03-14T13:20:32Z</time>
<speed>005.10</speed>
</trkpt> 
<trkpt lat="+51.48899" lon="-000.24122"> 
<time>2026-03-14T13:20:33Z</time>
<speed>005.06</speed>
</trkpt> 
<trkpt lat="+51.48901" lon="-000.24116"> 
<time>2026-03-14T13:20:34Z</time>
<speed>005.06</speed>
</trkpt> 
<trkpt lat="+51.48904" lon="-000.24109"> 
<time>2026-03-14T13:20:35Z</time>
<speed>005.08</speed>
</trkpt> 
<trkpt lat="+51.48905" lon="-000.24103"> 
<time>2026-03-14T13:20:36Z</time>
<speed>005.08</speed>
</trkpt> 
<trkpt lat="+51.48907" lon="-000.24096"> 
<time>2026-03-14T13:20:37Z</time>
<speed>005.02</speed>
</trkpt> 
<trkpt lat="+51.48909" lon="-000.24089"> 
<time>2026-03-14T13:20:38Z</time>
<speed>005.02</speed>
</trkpt> 
<trkpt lat="+51.48910" lon="-000.24083"> 
<time>2026-03-14T13:20:39Z</time>
<speed>005.08</speed>
</trkpt> 
<trkpt lat="+51.48911" lon="-000.24077"> 
<time>2026-03-14T13:20:40Z</time>
<speed>005.08</speed>
</trkpt> 
<trkpt lat="+51.48913" lon="-000.24071"> 
<time>2026-03-14T13:20:41Z</time>
<speed>005.05</speed>
</trkpt> 
<trkpt lat="+51.48915" lon="-000.24064"> 
<time>2026-03-14T13:20:42Z</time>
<speed>005.05</speed>
</trkpt> 
<trkpt lat="+51.48917" lon="-000.24057"> 
<time>2026-03-14T13:20:43Z</time>
<speed>005.05</speed>
</trkpt> 
<trkpt lat="+51.48919" lon="-000.24051"> 
<time>2026-03-14T13:20:44Z</time>
<speed>005.02</speed>
</trkpt> 
<trkpt lat="+51.48920" lon="-000.24044"> 
<time>2026-03-14T13:20:45Z</time>
<speed>005.02</speed>
</trkpt> 
<trkpt lat="+51.48922" lon="-000.24038"> 
<time>2026-03-14T13:20:46Z</time>
<speed>005.00</speed>
</trkpt> 
<trkpt lat="+51.48924" lon="-000.24031"> 
<time>2026-03-14T13:20:47Z</time>
<speed>005.00</speed>
</trkpt> 
<trkpt lat="+51.48925" lon="-000.24025"> 
<time>2026-03-14T13:20:48Z</time>
<speed>005.02</speed>
</trkpt> 
<trkpt lat="+51.48927" lon="-000.24018"> 
<time>2026-03-14T13:20:49Z</time>
<speed>005.02</speed>
</trkpt> 
<trkpt lat="+51.48929" lon="-000.24012"> 
<time>2026-03-14T13:20:50Z</time>
<speed>004.94</speed>
</trkpt> 
<trkpt lat="+51.48931" lon="-000.24007"> 
<time>2026-03-14T13:20:51Z</time>
<speed>004.94</speed>
</trkpt> 
<trkpt lat="+51.48932" lon="-000.24000"> 
<time>2026-03-14T13:20:52Z</time>
<speed>004.86</speed>
</trkpt> 
<trkpt lat="+51.48934" lon="-000.23994"> 
<time>2026-03-14T13:20:53Z</time>
<speed>004.86</speed>
</trkpt> 
<trkpt lat="+51.48935" lon="-000.23987"> 
<time>2026-03-14T13:20:54Z</time>
<speed>004.82</speed>
</trkpt> 
<trkpt lat="+51.48937" lon="-000.23980"> 
<time>2026-03-14T13:20:55Z</time>
<speed>004.82</speed>
</trkpt> 
<trkpt lat="+51.48938" lon="-000.23973"> 
<time>2026-03-14T13:20:56Z</time>
<speed>004.84</speed>
</trkpt> 
<trkpt lat="+51.48940" lon="-000.23966"> 
<time>2026-03-14T13:20:57Z</time>
<speed>004.84</speed>
</trkpt> 
<trkpt lat="+51.48941" lon="-000.23959"> 
<time>2026-03-14T13:20:58Z</time>
<speed>004.91</speed>
</trkpt> 
<trkpt lat="+51.48943" lon="-000.23952"> 
<time>2026-03-14T13:20:59Z</time>
<speed>004.91</speed>
</trkpt> 
<trkpt lat="+51.48945" lon="-000.23945"> 
<time>2026-03-14T13:21:00Z</time>
<speed>005.03</speed>
</trkpt> 
<trkpt lat="+51.48947" lon="-000.23938"> 
<time>2026-03-14T13:21:01Z</time>
<speed>005.03</speed>
</trkpt> 
<trkpt lat="+51.48949" lon="-000.23932"> 
<time>2026-03-14T13:21:02Z</time>
<speed>005.12</speed>
</trkpt> 
<trkpt lat="+51.48950" lon="-000.23925"> 
<time>2026-03-14T13:21:03Z</time>
<speed>005.12</speed>
</trkpt> 
<trkpt lat="+51.48951" lon="-000.23919"> 
<time>2026-03-14T13:21:04Z</time>
<speed>005.13</speed>
</trkpt> 
<trkpt lat="+51.48953" lon="-000.23912"> 
<time>2026-03-14T13:21:05Z</time>
<speed>005.13</speed>
</trkpt> 
<trkpt lat="+51.48954" lon="-000.23904"> 
<time>2026-03-14T13:21:06Z</time>
<speed>005.08</speed>
</trkpt> 
<trkpt lat="+51.48955" lon="-000.23898"> 
<time>2026-03-14T13:21:07Z</time>
<speed>005.08</speed>
</trkpt> 
<trkpt lat="+51.48956" lon="-000.23890"> 
<time>2026-03-14T13:21:08Z</time>
<speed>005.07</speed>
</trkpt> 
<trkpt lat="+51.48957" lon="-000.23883"> 
<time>2026-03-14T13:21:09Z</time>
<speed>005.07</speed>
</trkpt> 
<trkpt lat="+51.48958" lon="-000.23875"> 
<time>2026-03-14T13:21:10Z</time>
<speed>005.11</speed>
</trkpt> 
<trkpt lat="+51.48959" lon="-000.23868"> 
<time>2026-03-14T13:21:11Z</time>
<speed>005.11</speed>
</trkpt> 
<trkpt lat="+51.48959" lon="-000.23860"> 
<time>2026-03-14T13:21:12Z</time>
<speed>005.10</speed>
</trkpt> 
<trkpt lat="+51.48961" lon="-000.23852"> 
<time>2026-03-14T13:21:13Z</time>
<speed>005.10</speed>
</trkpt> 
<trkpt lat="+51.48961" lon="-000.23844"> 
<time>2026-03-14T13:21:14Z</time>
<speed>005.19</speed>
</trkpt> 
<trkpt lat="+51.48961" lon="-000.23837"> 
<time>2026-03-14T13:21:15Z</time>
<speed>005.19</speed>
</trkpt> 
<trkpt lat="+51.48962" lon="-000.23829"> 
<time>2026-03-14T13:21:16Z</time>
<speed>005.20</speed>
</trkpt> 
<trkpt lat="+51.48962" lon="-000.23821"> 
<time>2026-03-14T13:21:17Z</time>
<speed>005.20</speed>
</trkpt> 
<trkpt lat="+51.48963" lon="-000.23814"> 
<time>2026-03-14T13:21:18Z</time>
<speed>005.22</speed>
</trkpt> 
<trkpt lat="+51.48963" lon="-000.23806"> 
<time>2026-03-14T13:21:19Z</time>
<speed>005.22</speed>
</trkpt> 
<trkpt lat="+51.48963" lon="-000.23798"> 
<time>2026-03-14T13:21:20Z</time>
<speed>005.11</speed>
</trkpt> 
<trkpt lat="+51.48963" lon="-000.23790"> 
<time>2026-03-14T13:21:21Z</time>
<speed>005.11</speed>
</trkpt> 
<trkpt lat="+51.48964" lon="-000.23782"> 
<time>2026-03-14T13:21:22Z</time>
<speed>005.06</speed>
</trkpt> 
<trkpt lat="+51.48964" lon="-000.23774"> 
<time>2026-03-14T13:21:23Z</time>
<speed>005.06</speed>
</trkpt> 
<trkpt lat="+51.48964" lon="-000.23766"> 
<time>2026-03-14T13:21:24Z</time>
<speed>005.09</speed>
</trkpt> 
<trkpt lat="+51.48965" lon="-000.23758"> 
<time>2026-03-14T13:21:25Z</time>
<speed>005.09</speed>
</trkpt> 
<trkpt lat="+51.48966" lon="-000.23750"> 
<time>2026-03-14T13:21:26Z</time>
<speed>005.16</speed>
</trkpt> 
<trkpt lat="+51.48966" lon="-000.23742"> 
<time>2026-03-14T13:21:27Z</time>
<speed>005.16</speed>
</trkpt> 
<trkpt lat="+51.48966" lon="-000.23734"> 
<time>2026-03-14T13:21:28Z</time>
<speed>005.26</speed>
</trkpt> 
<trkpt lat="+51.48966" lon="-000.23726"> 
<time>2026-03-14T13:21:29Z</time>
<speed>005.26</speed>
</trkpt> 
<trkpt lat="+51.48967" lon="-000.23718"> 
<time>2026-03-14T13:21:30Z</time>
<speed>005.28</speed>
</trkpt> 
<trkpt lat="+51.48968" lon="-000.23711"> 
<time>2026-03-14T13:21:31Z</time>
<speed>005.28</speed>
</trkpt> 
<trkpt lat="+51.48969" lon="-000.23703"> 
<time>2026-03-14T13:21:32Z</time>
<speed>005.24</speed>
</trkpt> 
<trkpt lat="+51.48969" lon="-000.23696"> 
<time>2026-03-14T13:21:33Z</time>
<speed>005.24</speed>
</trkpt> 
<trkpt lat="+51.48969" lon="-000.23687"> 
<time>2026-03-14T13:21:34Z</time>
<speed>005.25</speed>
</trkpt> 
<trkpt lat="+51.48969" lon="-000.23680"> 
<time>2026-03-14T13:21:35Z</time>
<speed>005.25</speed>
</trkpt> 
<trkpt lat="+51.48969" lon="-000.23672"> 
<time>2026-03-14T13:21:36Z</time>
<speed>005.21</speed>
</trkpt> 
<trkpt lat="+51.48969" lon="-000.23664"> 
<time>2026-03-14T13:21:37Z</time>
<speed>005.21</speed>
</trkpt> 
<trkpt lat="+51.48969" lon="-000.23656"> 
<time>2026-03-14T13:21:38Z</time>
<speed>005.21</speed>
</trkpt> 
<trkpt lat="+51.48969" lon="-000.23649"> 
<time>2026-03-14T13:21:39Z</time>
<speed>005.21</speed>
</trkpt> 
<trkpt lat="+51.48969" lon="-000.23640"> 
<time>2026-03-14T13:21:40Z</time>
<speed>005.20</speed>
</trkpt> 
<trkpt lat="+51.48969" lon="-000.23633"> 
<time>2026-03-14T13:21:41Z</time>
<speed>005.20</speed>
</trkpt> 
<trkpt lat="+51.48969" lon="-000.23624"> 
<time>2026-03-14T13:21:42Z</time>
<speed>005.27</speed>
</trkpt> 
<trkpt lat="+51.48969" lon="-000.23617"> 
<time>2026-03-14T13:21:43Z</time>
<speed>005.27</speed>
</trkpt> 
<trkpt lat="+51.48969" lon="-000.23609"> 
<time>2026-03-14T13:21:44Z</time>
<speed>005.33</speed>
</trkpt> 
<trkpt lat="+51.48968" lon="-000.23602"> 
<time>2026-03-14T13:21:45Z</time>
<speed>005.28</speed>
</trkpt> 
<trkpt lat="+51.48967" lon="-000.23594"> 
<time>2026-03-14T13:21:46Z</time>
<speed>005.28</speed>
</trkpt> 
<trkpt lat="+51.48967" lon="-000.23587"> 
<time>2026-03-14T13:21:47Z</time>
<speed>005.22</speed>
</trkpt> 
<trkpt lat="+51.48966" lon="-000.23579"> 
<time>2026-03-14T13:21:48Z</time>
<speed>005.22</speed>
</trkpt> 
<trkpt lat="+51.48966" lon="-000.23571"> 
<time>2026-03-14T13:21:49Z</time>
<speed>005.30</speed>
</trkpt> 
<trkpt lat="+51.48966" lon="-000.23564"> 
<time>2026-03-14T13:21:50Z</time>
<speed>005.30</speed>
</trkpt> 
<trkpt lat="+51.48966" lon="-000.23556"> 
<time>2026-03-14T13:21:51Z</time>
<speed>005.36</speed>
</trkpt> 
<trkpt lat="+51.48965" lon="-000.23549"> 
<time>2026-03-14T13:21:52Z</time>
<speed>005.36</speed>
</trkpt> 
<trkpt lat="+51.48964" lon="-000.23540"> 
<time>2026-03-14T13:21:53Z</time>
<speed>005.36</speed>
</trkpt> 
<trkpt lat="+51.48964" lon="-000.23532"> 
<time>2026-03-14T13:21:54Z</time>
<speed>005.36</speed>
</trkpt> 
<trkpt lat="+51.48964" lon="-000.23524"> 
<time>2026-03-14T13:21:55Z</time>
<speed>005.31</speed>
</trkpt> 
<trkpt lat="+51.48963" lon="-000.23516"> 
<time>2026-03-14T13:21:56Z</time>
<speed>005.31</speed>
</trkpt> 
<trkpt lat="+51.48963" lon="-000.23509"> 
<time>2026-03-14T13:21:57Z</time>
<speed>005.36</speed>
</trkpt> 
<trkpt lat="+51.48962" lon="-000.23502"> 
<time>2026-03-14T13:21:58Z</time>
<speed>005.36</speed>
</trkpt> 
<trkpt lat="+51.48961" lon="-000.23494"> 
<time>2026-03-14T13:21:59Z</time>
<speed>005.40</speed>
</trkpt> 
<trkpt lat="+51.48961" lon="-000.23487"> 
<time>2026-03-14T13:22:00Z</time>
<speed>005.40</speed>
</trkpt> 
<trkpt lat="+51.48960" lon="-000.23479"> 
<time>2026-03-14T13:22:01Z</time>
<speed>005.33</speed>
</trkpt> 
<trkpt lat="+51.48959" lon="-000.23472"> 
<time>2026-03-14T13:22:02Z</time>
<speed>005.33</speed>
</trkpt> 
<trkpt lat="+51.48958" lon="-000.23464"> 
<time>2026-03-14T13:22:03Z</time>
<speed>005.27</speed>
</trkpt> 
<trkpt lat="+51.48957" lon="-000.23457"> 
<time>2026-03-14T13:22:04Z</time>
<speed>005.27</speed>
</trkpt> 
<trkpt lat="+51.48956" lon="-000.23449"> 
<time>2026-03-14T13:22:05Z</time>
<speed>005.30</speed>
</trkpt> 
<trkpt lat="+51.48956" lon="-000.23442"> 
<time>2026-03-14T13:22:06Z</time>
<speed>005.30</speed>
</trkpt> 
<trkpt lat="+51.48954" lon="-000.23435"> 
<time>2026-03-14T13:22:07Z</time>
<speed>005.34</speed>
</trkpt> 
<trkpt lat="+51.48954" lon="-000.23428"> 
<time>2026-03-14T13:22:08Z</time>
<speed>005.34</speed>
</trkpt> 
<trkpt lat="+51.48952" lon="-000.23421"> 
<time>2026-03-14T13:22:09Z</time>
<speed>005.38</speed>
</trkpt> 
<trkpt lat="+51.48951" lon="-000.23414"> 
<time>2026-03-14T13:22:10Z</time>
<speed>005.38</speed>
</trkpt> 
<trkpt lat="+51.48950" lon="-000.23407"> 
<time>2026-03-14T13:22:11Z</time>
<speed>005.34</speed>
</trkpt> 
<trkpt lat="+51.48949" lon="-000.23400"> 
<time>2026-03-14T13:22:12Z</time>
<speed>005.34</speed>
</trkpt> 
<trkpt lat="+51.48948" lon="-000.23393"> 
<time>2026-03-14T13:22:13Z</time>
<speed>005.29</speed>
</trkpt> 
<trkpt lat="+51.48946" lon="-000.23387"> 
<time>2026-03-14T13:22:14Z</time>
<speed>005.29</speed>
</trkpt> 
<trkpt lat="+51.48944" lon="-000.23379"> 
<time>2026-03-14T13:22:15Z</time>
<speed>005.24</speed>
</trkpt> 
<trkpt lat="+51.48943" lon="-000.23372"> 
<time>2026-03-14T13:22:16Z</time>
<speed>005.24</speed>
</trkpt> 
<trkpt lat="+51.48941" lon="-000.23366"> 
<time>2026-03-14T13:22:17Z</time>
<speed>005.20</speed>
</trkpt> 
<trkpt lat="+51.48939" lon="-000.23360"> 
<time>2026-03-14T13:22:18Z</time>
<speed>005.20</speed>
</trkpt> 
<trkpt lat="+51.48937" lon="-000.23352"> 
<time>2026-03-14T13:22:19Z</time>
<speed>005.18</speed>
</trkpt> 
<trkpt lat="+51.48935" lon="-000.23347"> 
<time>2026-03-14T13:22:20Z</time>
<speed>005.21</speed>
</trkpt> 
<trkpt lat="+51.48933" lon="-000.23339"> 
<time>2026-03-14T13:22:21Z</time>
<speed>005.21</speed>
</trkpt> 
<trkpt lat="+51.48931" lon="-000.23333"> 
<time>2026-03-14T13:22:22Z</time>
<speed>005.23</speed>
</trkpt> 
<trkpt lat="+51.48930" lon="-000.23326"> 
<time>2026-03-14T13:22:23Z</time>
<speed>005.23</speed>
</trkpt> 
<trkpt lat="+51.48928" lon="-000.23319"> 
<time>2026-03-14T13:22:24Z</time>
<speed>005.30</speed>
</trkpt> 
<trkpt lat="+51.48926" lon="-000.23313"> 
<time>2026-03-14T13:22:25Z</time>
<speed>005.30</speed>
</trkpt> 
<trkpt lat="+51.48924" lon="-000.23306"> 
<time>2026-03-14T13:22:26Z</time>
<speed>005.29</speed>
</trkpt> 
<trkpt lat="+51.48922" lon="-000.23300"> 
<time>2026-03-14T13:22:27Z</time>
<speed>005.29</speed>
</trkpt> 
<trkpt lat="+51.48921" lon="-000.23293"> 
<time>2026-03-14T13:22:28Z</time>
<speed>005.24</speed>
</trkpt> 
<trkpt lat="+51.48919" lon="-000.23286"> 
<time>2026-03-14T13:22:29Z</time>
<speed>005.24</speed>
</trkpt> 
<trkpt lat="+51.48917" lon="-000.23279"> 
<time>2026-03-14T13:22:30Z</time>
<speed>005.29</speed>
</trkpt> 
<trkpt lat="+51.48916" lon="-000.23271"> 
<time>2026-03-14T13:22:31Z</time>
<speed>005.29</speed>
</trkpt> 
<trkpt lat="+51.48914" lon="-000.23264"> 
<time>2026-03-14T13:22:32Z</time>
<speed>005.31</speed>
</trkpt> 
<trkpt lat="+51.48911" lon="-000.23257"> 
<time>2026-03-14T13:22:33Z</time>
<speed>005.31</speed>
</trkpt> 
<trkpt lat="+51.48909" lon="-000.23250"> 
<time>2026-03-14T13:22:34Z</time>
<speed>005.36</speed>
</trkpt> 
<trkpt lat="+51.48907" lon="-000.23244"> 
<time>2026-03-14T13:22:35Z</time>
<speed>005.36</speed>
</trkpt> 
<trkpt lat="+51.48905" lon="-000.23236"> 
<time>2026-03-14T13:22:36Z</time>
<speed>005.28</speed>
</trkpt> 
<trkpt lat="+51.48903" lon="-000.23230"> 
<time>2026-03-14T13:22:37Z</time>
<speed>005.28</speed>
</trkpt> 
<trkpt lat="+51.48901" lon="-000.23223"> 
<time>2026-03-14T13:22:38Z</time>
<speed>005.23</speed>
</trkpt> 
<trkpt lat="+51.48899" lon="-000.23216"> 
<time>2026-03-14T13:22:39Z</time>
<speed>005.23</speed>
</trkpt> 
<trkpt lat="+51.48897" lon="-000.23209"> 
<time>2026-03-14T13:22:40Z</time>
<speed>005.22</speed>
</trkpt> 
<trkpt lat="+51.48895" lon="-000.23203"> 
<time>2026-03-14T13:22:41Z</time>
<speed>005.22</speed>
</trkpt> 
<trkpt lat="+51.48893" lon="-000.23196"> 
<time>2026-03-14T13:22:42Z</time>
<speed>005.21</speed>
</trkpt> 
<trkpt lat="+51.48891" lon="-000.23189"> 
<time>2026-03-14T13:22:43Z</time>
<speed>005.21</speed>
</trkpt> 
<trkpt lat="+51.48889" lon="-000.23183"> 
<time>2026-03-14T13:22:44Z</time>
<speed>005.20</speed>
</trkpt> 
<trkpt lat="+51.48886" lon="-000.23176"> 
<time>2026-03-14T13:22:45Z</time>
<speed>005.20</speed>
</trkpt> 
<trkpt lat="+51.48884" lon="-000.23169"> 
<time>2026-03-14T13:22:46Z</time>
<speed>005.21</speed>
</trkpt> 
<trkpt lat="+51.48882" lon="-000.23164"> 
<time>2026-03-14T13:22:47Z</time>
<speed>005.20</speed>
</trkpt> 
<trkpt lat="+51.48880" lon="-000.23157"> 
<time>2026-03-14T13:22:48Z</time>
<speed>005.20</speed>
</trkpt> 
<trkpt lat="+51.48878" lon="-000.23151"> 
<time>2026-03-14T13:22:49Z</time>
<speed>005.18</speed>
</trkpt> 
<trkpt lat="+51.48875" lon="-000.23145"> 
<time>2026-03-14T13:22:50Z</time>
<speed>005.18</speed>
</trkpt> 
<trkpt lat="+51.48873" lon="-000.23139"> 
<time>2026-03-14T13:22:51Z</time>
<speed>005.24</speed>
</trkpt> 
<trkpt lat="+51.48870" lon="-000.23132"> 
<time>2026-03-14T13:22:52Z</time>
<speed>005.24</speed>
</trkpt> 
<trkpt lat="+51.48868" lon="-000.23126"> 
<time>2026-03-14T13:22:53Z</time>
<speed>005.26</speed>
</trkpt> 
<trkpt lat="+51.48866" lon="-000.23119"> 
<time>2026-03-14T13:22:54Z</time>
<speed>005.26</speed>
</trkpt> 
<trkpt lat="+51.48863" lon="-000.23113"> 
<time>2026-03-14T13:22:55Z</time>
<speed>005.23</speed>
</trkpt> 
<trkpt lat="+51.48860" lon="-000.23107"> 
<time>2026-03-14T13:22:56Z</time>
<speed>005.23</speed>
</trkpt> 
<trkpt lat="+51.48857" lon="-000.23100"> 
<time>2026-03-14T13:22:57Z</time>
<speed>005.19</speed>
</trkpt> 
<trkpt lat="+51.48854" lon="-000.23094"> 
<time>2026-03-14T13:22:58Z</time>
<speed>005.19</speed>
</trkpt> 
<trkpt lat="+51.48851" lon="-000.23089"> 
<time>2026-03-14T13:22:59Z</time>
<speed>005.20</speed>
</trkpt> 
<trkpt lat="+51.48849" lon="-000.23082"> 
<time>2026-03-14T13:23:00Z</time>
<speed>005.20</speed>
</trkpt> 
<trkpt lat="+51.48846" lon="-000.23076"> 
<time>2026-03-14T13:23:01Z</time>
<speed>005.22</speed>
</trkpt> 
<trkpt lat="+51.48842" lon="-000.23069"> 
<time>2026-03-14T13:23:02Z</time>
<speed>005.22</speed>
</trkpt> 
<trkpt lat="+51.48839" lon="-000.23064"> 
<time>2026-03-14T13:23:03Z</time>
<speed>005.22</speed>
</trkpt> 
<trkpt lat="+51.48836" lon="-000.23057"> 
<time>2026-03-14T13:23:04Z</time>
<speed>005.22</speed>
</trkpt> 
<trkpt lat="+51.48833" lon="-000.23051"> 
<time>2026-03-14T13:23:05Z</time>
<speed>005.19</speed>
</trkpt> 
<trkpt lat="+51.48831" lon="-000.23046"> 
<time>2026-03-14T13:23:06Z</time>
<speed>005.19</speed>
</trkpt> 
<trkpt lat="+51.48827" lon="-000.23040"> 
<time>2026-03-14T13:23:07Z</time>
<speed>005.19</speed>
</trkpt> 
<trkpt lat="+51.48824" lon="-000.23035"> 
<time>2026-03-14T13:23:08Z</time>
<speed>005.13</speed>
</trkpt> 
<trkpt lat="+51.48821" lon="-000.23030"> 
<time>2026-03-14T13:23:09Z</time>
<speed>005.13</speed>
</trkpt> 
<trkpt lat="+51.48817" lon="-000.23025"> 
<time>2026-03-14T13:23:10Z</time>
<speed>005.05</speed>
</trkpt> 
<trkpt lat="+51.48814" lon="-000.23019"> 
<time>2026-03-14T13:23:11Z</time>
<speed>005.05</speed>
</trkpt> 
<trkpt lat="+51.48811" lon="-000.23010"> 
<time>2026-03-14T13:23:12Z</time>
<speed>005.09</speed>
</trkpt> 
<trkpt lat="+51.48808" lon="-000.23004"> 
<time>2026-03-14T13:23:13Z</time>
<speed>005.09</speed>
</trkpt> 
<trkpt lat="+51.48804" lon="-000.22999"> 
<time>2026-03-14T13:23:14Z</time>
<speed>005.23</speed>
</trkpt> 
<trkpt lat="+51.48801" lon="-000.22993"> 
<time>2026-03-14T13:23:15Z</time>
<speed>005.23</speed>
</trkpt> 
<trkpt lat="+51.48798" lon="-000.22987"> 
<time>2026-03-14T13:23:16Z</time>
<speed>005.42</speed>
</trkpt> 
<trkpt lat="+51.48794" lon="-000.22982"> 
<time>2026-03-14T13:23:17Z</time>
<speed>005.42</speed>
</trkpt> 
<trkpt lat="+51.48791" lon="-000.22976"> 
<time>2026-03-14T13:23:18Z</time>
<speed>005.53</speed>
</trkpt> 
<trkpt lat="+51.48787" lon="-000.22971"> 
<time>2026-03-14T13:23:19Z</time>
<speed>005.53</speed>
</trkpt> 
<trkpt lat="+51.48783" lon="-000.22965"> 
<time>2026-03-14T13:23:20Z</time>
<speed>005.54</speed>
</trkpt> 
<trkpt lat="+51.48779" lon="-000.22959"> 
<time>2026-03-14T13:23:21Z</time>
<speed>005.54</speed>
</trkpt> 
<trkpt lat="+51.48774" lon="-000.22954"> 
<time>2026-03-14T13:23:22Z</time>
<speed>005.56</speed>
</trkpt> 
<trkpt lat="+51.48770" lon="-000.22949"> 
<time>2026-03-14T13:23:23Z</time>
<speed>005.56</speed>
</trkpt> 
<trkpt lat="+51.48766" lon="-000.22944"> 
<time>2026-03-14T13:23:24Z</time>
<speed>005.52</speed>
</trkpt> 
<trkpt lat="+51.48762" lon="-000.22937"> 
<time>2026-03-14T13:23:25Z</time>
<speed>005.44</speed>
</trkpt> 
<trkpt lat="+51.48759" lon="-000.22932"> 
<time>2026-03-14T13:23:26Z</time>
<speed>005.44</speed>
</trkpt> 
<trkpt lat="+51.48755" lon="-000.22928"> 
<time>2026-03-14T13:23:27Z</time>
<speed>005.38</speed>
</trkpt> 
<trkpt lat="+51.48751" lon="-000.22923"> 
<time>2026-03-14T13:23:28Z</time>
<speed>005.38</speed>
</trkpt> 
<trkpt lat="+51.48748" lon="-000.22918"> 
<time>2026-03-14T13:23:29Z</time>
<speed>005.33</speed>
</trkpt> 
<trkpt lat="+51.48744" lon="-000.22913"> 
<time>2026-03-14T13:23:30Z</time>
<speed>005.33</speed>
</trkpt> 
<trkpt lat="+51.48740" lon="-000.22907"> 
<time>2026-03-14T13:23:31Z</time>
<speed>005.33</speed>
</trkpt> 
<trkpt lat="+51.48736" lon="-000.22902"> 
<time>2026-03-14T13:23:32Z</time>
<speed>005.33</speed>
</trkpt> 
<trkpt lat="+51.48732" lon="-000.22898"> 
<time>2026-03-14T13:23:33Z</time>
<speed>005.31</speed>
</trkpt> 
<trkpt lat="+51.48728" lon="-000.22893"> 
<time>2026-03-14T13:23:34Z</time>
<speed>005.31</speed>
</trkpt> 
<trkpt lat="+51.48724" lon="-000.22889"> 
<time>2026-03-14T13:23:35Z</time>
<speed>005.38</speed>
</trkpt> 
<trkpt lat="+51.48719" lon="-000.22884"> 
<time>2026-03-14T13:23:36Z</time>
<speed>005.38</speed>
</trkpt> 
<trkpt lat="+51.48714" lon="-000.22879"> 
<time>2026-03-14T13:23:37Z</time>
<speed>005.45</speed>
</trkpt> 
<trkpt lat="+51.48711" lon="-000.22873"> 
<time>2026-03-14T13:23:38Z</time>
<speed>005.45</speed>
</trkpt> 
<trkpt lat="+51.48707" lon="-000.22867"> 
<time>2026-03-14T13:23:39Z</time>
<speed>005.59</speed>
</trkpt> 
<trkpt lat="+51.48702" lon="-000.22863"> 
<time>2026-03-14T13:23:40Z</time>
<speed>005.59</speed>
</trkpt> 
<trkpt lat="+51.48699" lon="-000.22859"> 
<time>2026-03-14T13:23:41Z</time>
<speed>005.57</speed>
</trkpt> 
<trkpt lat="+51.48694" lon="-000.22854"> 
<time>2026-03-14T13:23:42Z</time>
<speed>005.57</speed>
</trkpt> 
<trkpt lat="+51.48691" lon="-000.22849"> 
<time>2026-03-14T13:23:43Z</time>
<speed>005.50</speed>
</trkpt> 
<trkpt lat="+51.48687" lon="-000.22844"> 
<time>2026-03-14T13:23:44Z</time>
<speed>005.43</speed>
</trkpt> 
<trkpt lat="+51.48683" lon="-000.22839"> 
<time>2026-03-14T13:23:45Z</time>
<speed>005.43</speed>
</trkpt> 
<trkpt lat="+51.48679" lon="-000.22835"> 
<time>2026-03-14T13:23:46Z</time>
<speed>005.43</speed>
</trkpt> 
<trkpt lat="+51.48675" lon="-000.22831"> 
<time>2026-03-14T13:23:47Z</time>
<speed>005.43</speed>
</trkpt> 
<trkpt lat="+51.48671" lon="-000.22826"> 
<time>2026-03-14T13:23:48Z</time>
<speed>005.53</speed>
</trkpt> 
<trkpt lat="+51.48667" lon="-000.22822"> 
<time>2026-03-14T13:23:49Z</time>
<speed>005.53</speed>
</trkpt> 
<trkpt lat="+51.48663" lon="-000.22817"> 
<time>2026-03-14T13:23:50Z</time>
<speed>005.58</speed>
</trkpt> 
<trkpt lat="+51.48658" lon="-000.22813"> 
<time>2026-03-14T13:23:51Z</time>
<speed>005.58</speed>
</trkpt> 
<trkpt lat="+51.48654" lon="-000.22808"> 
<time>2026-03-14T13:23:52Z</time>
<speed>005.65</speed>
</trkpt> 
<trkpt lat="+51.48649" lon="-000.22804"> 
<time>2026-03-14T13:23:53Z</time>
<speed>005.65</speed>
</trkpt> 
<trkpt lat="+51.48644" lon="-000.22799"> 
<time>2026-03-14T13:23:54Z</time>
<speed>005.65</speed>
</trkpt> 
<trkpt lat="+51.48641" lon="-000.22796"> 
<time>2026-03-14T13:23:55Z</time>
<speed>005.65</speed>
</trkpt> 
<trkpt lat="+51.48636" lon="-000.22791"> 
<time>2026-03-14T13:23:56Z</time>
<speed>005.54</speed>
</trkpt> 
<trkpt lat="+51.48633" lon="-000.22787"> 
<time>2026-03-14T13:23:57Z</time>
<speed>005.54</speed>
</trkpt> 
<trkpt lat="+51.48629" lon="-000.22782"> 
<time>2026-03-14T13:23:58Z</time>
<speed>005.47</speed>
</trkpt> 
<trkpt lat="+51.48626" lon="-000.22778"> 
<time>2026-03-14T13:23:59Z</time>
<speed>005.47</speed>
</trkpt> 
<trkpt lat="+51.48621" lon="-000.22774"> 
<time>2026-03-14T13:24:00Z</time>
<speed>005.41</speed>
</trkpt> 
<trkpt lat="+51.48618" lon="-000.22771"> 
<time>2026-03-14T13:24:01Z</time>
<speed>005.43</speed>
</trkpt> 
<trkpt lat="+51.48614" lon="-000.22767"> 
<time>2026-03-14T13:24:02Z</time>
<speed>005.43</speed>
</trkpt> 
<trkpt lat="+51.48611" lon="-000.22764"> 
<time>2026-03-14T13:24:03Z</time>
<speed>005.48</speed>
</trkpt> 
<trkpt lat="+51.48607" lon="-000.22760"> 
<time>2026-03-14T13:24:04Z</time>
<speed>005.48</speed>
</trkpt> 
<trkpt lat="+51.48603" lon="-000.22757"> 
<time>2026-03-14T13:24:05Z</time>
<speed>005.47</speed>
</trkpt> 
<trkpt lat="+51.48599" lon="-000.22754"> 
<time>2026-03-14T13:24:06Z</time>
<speed>005.47</speed>
</trkpt> 
<trkpt lat="+51.48596" lon="-000.22751"> 
<time>2026-03-14T13:24:07Z</time>
<speed>005.41</speed>
</trkpt> 
<trkpt lat="+51.48592" lon="-000.22748"> 
<time>2026-03-14T13:24:08Z</time>
<speed>005.41</speed>
</trkpt> 
<trkpt lat="+51.48588" lon="-000.22744"> 
<time>2026-03-14T13:24:09Z</time>
<speed>005.36</speed>
</trkpt> 
<trkpt lat="+51.48584" lon="-000.22741"> 
<time>2026-03-14T13:24:10Z</time>
<speed>005.36</speed>
</trkpt> 
<trkpt lat="+51.48580" lon="-000.22737"> 
<time>2026-03-14T13:24:11Z</time>
<speed>005.24</speed>
</trkpt> 
<trkpt lat="+51.48576" lon="-000.22734"> 
<time>2026-03-14T13:24:12Z</time>
<speed>005.24</speed>
</trkpt> 
<trkpt lat="+51.48572" lon="-000.22731"> 
<time>2026-03-14T13:24:13Z</time>
<speed>005.34</speed>
</trkpt> 
<trkpt lat="+51.48569" lon="-000.22727"> 
<time>2026-03-14T13:24:14Z</time>
<speed>005.34</speed>
</trkpt> 
<trkpt lat="+51.48564" lon="-000.22722"> 
<time>2026-03-14T13:24:15Z</time>
<speed>005.37</speed>
</trkpt> 
<trkpt lat="+51.48561" lon="-000.22719"> 
<time>2026-03-14T13:24:16Z</time>
<speed>005.37</speed>
</trkpt> 
<trkpt lat="+51.48557" lon="-000.22716"> 
<time>2026-03-14T13:24:17Z</time>
<speed>005.48</speed>
</trkpt> 
<trkpt lat="+51.48552" lon="-000.22712"> 
<time>2026-03-14T13:24:18Z</time>
<speed>005.48</speed>
</trkpt> 
<trkpt lat="+51.48549" lon="-000.22709"> 
<time>2026-03-14T13:24:19Z</time>
<speed>005.46</speed>
</trkpt> 
<trkpt lat="+51.48545" lon="-000.22705"> 
<time>2026-03-14T13:24:20Z</time>
<speed>005.37</speed>
</trkpt> 
<trkpt lat="+51.48541" lon="-000.22701"> 
<time>2026-03-14T13:24:21Z</time>
<speed>005.37</speed>
</trkpt> 
<trkpt lat="+51.48536" lon="-000.22697"> 
<time>2026-03-14T13:24:22Z</time>
<speed>005.28</speed>
</trkpt> 
<trkpt lat="+51.48532" lon="-000.22694"> 
<time>2026-03-14T13:24:23Z</time>
<speed>005.28</speed>
</trkpt> 
<trkpt lat="+51.48527" lon="-000.22690"> 
<time>2026-03-14T13:24:24Z</time>
<speed>005.37</speed>
</trkpt> 
<trkpt lat="+51.48523" lon="-000.22687"> 
<time>2026-03-14T13:24:25Z</time>
<speed>005.37</speed>
</trkpt> 
<trkpt lat="+51.48519" lon="-000.22685"> 
<time>2026-03-14T13:24:26Z</time>
<speed>005.36</speed>
</trkpt> 
<trkpt lat="+51.48515" lon="-000.22682"> 
<time>2026-03-14T13:24:27Z</time>
<speed>005.36</speed>
</trkpt> 
<trkpt lat="+51.48511" lon="-000.22681"> 
<time>2026-03-14T13:24:28Z</time>
<speed>005.36</speed>
</trkpt> 
<trkpt lat="+51.48506" lon="-000.22679"> 
<time>2026-03-14T13:24:29Z</time>
<speed>005.36</speed>
</trkpt> 
<trkpt lat="+51.48501" lon="-000.22679"> 
<time>2026-03-14T13:24:30Z</time>
<speed>005.30</speed>
</trkpt> 
<trkpt lat="+51.48497" lon="-000.22677"> 
<time>2026-03-14T13:24:31Z</time>
<speed>005.30</speed>
</trkpt> 
<trkpt lat="+51.48492" lon="-000.22675"> 
<time>2026-03-14T13:24:32Z</time>
<speed>005.46</speed>
</trkpt> 
<trkpt lat="+51.48487" lon="-000.22672"> 
<time>2026-03-14T13:24:33Z</time>
<speed>005.46</speed>
</trkpt> 
<trkpt lat="+51.48482" lon="-000.22669"> 
<time>2026-03-14T13:24:34Z</time>
<speed>005.60</speed>
</trkpt> 
<trkpt lat="+51.48478" lon="-000.22666"> 
<time>2026-03-14T13:24:35Z</time>
<speed>005.60</speed>
</trkpt> 
<trkpt lat="+51.48473" lon="-000.22664"> 
<time>2026-03-14T13:24:36Z</time>
<speed>005.64</speed>
</trkpt> 
<trkpt lat="+51.48469" lon="-000.22661"> 
<time>2026-03-14T13:24:37Z</time>
<speed>005.64</speed>
</trkpt> 
<trkpt lat="+51.48464" lon="-000.22658"> 
<time>2026-03-14T13:24:38Z</time>
<speed>005.57</speed>
</trkpt> 
<trkpt lat="+51.48460" lon="-000.22655"> 
<time>2026-03-14T13:24:39Z</time>
<speed>005.57</speed>
</trkpt> 
<trkpt lat="+51.48456" lon="-000.22653"> 
<time>2026-03-14T13:24:40Z</time>
<speed>005.53</speed>
</trkpt> 
<trkpt lat="+51.48452" lon="-000.22651"> 
<time>2026-03-14T13:24:41Z</time>
<speed>005.53</speed>
</trkpt> 
<trkpt lat="+51.48447" lon="-000.22649"> 
<time>2026-03-14T13:24:42Z</time>
<speed>005.43</speed>
</trkpt> 
<trkpt lat="+51.48443" lon="-000.22647"> 
<time>2026-03-14T13:24:43Z</time>
<speed>005.43</speed>
</trkpt> 
<trkpt lat="+51.48439" lon="-000.22645"> 
<time>2026-03-14T13:24:44Z</time>
<speed>005.43</speed>
</trkpt> 
<trkpt lat="+51.48434" lon="-000.22643"> 
<time>2026-03-14T13:24:45Z</time>
<speed>005.43</speed>
</trkpt> 
<trkpt lat="+51.48429" lon="-000.22640"> 
<time>2026-03-14T13:24:46Z</time>
<speed>005.44</speed>
</trkpt> 
<trkpt lat="+51.48424" lon="-000.22637"> 
<time>2026-03-14T13:24:47Z</time>
<speed>005.44</speed>
</trkpt> 
<trkpt lat="+51.48419" lon="-000.22635"> 
<time>2026-03-14T13:24:48Z</time>
<speed>005.49</speed>
</trkpt> 
<trkpt lat="+51.48415" lon="-000.22633"> 
<time>2026-03-14T13:24:49Z</time>
<speed>005.54</speed>
</trkpt> 
<trkpt lat="+51.48410" lon="-000.22631"> 
<time>2026-03-14T13:24:50Z</time>
<speed>005.54</speed>
</trkpt> 
<trkpt lat="+51.48406" lon="-000.22629"> 
<time>2026-03-14T13:24:51Z</time>
<speed>005.56</speed>
</trkpt> 
<trkpt lat="+51.48401" lon="-000.22626"> 
<time>2026-03-14T13:24:52Z</time>
<speed>005.56</speed>
</trkpt> 
<trkpt lat="+51.48396" lon="-000.22624"> 
<time>2026-03-14T13:24:53Z</time>
<speed>005.54</speed>
</trkpt> 
<trkpt lat="+51.48392" lon="-000.22622"> 
<time>2026-03-14T13:24:54Z</time>
<speed>005.54</speed>
</trkpt> 
<trkpt lat="+51.48387" lon="-000.22619"> 
<time>2026-03-14T13:24:55Z</time>
<speed>005.37</speed>
</trkpt> 
<trkpt lat="+51.48383" lon="-000.22617"> 
<time>2026-03-14T13:24:56Z</time>
<speed>005.37</speed>
</trkpt> 
<trkpt lat="+51.48379" lon="-000.22614"> 
<time>2026-03-14T13:24:57Z</time>
<speed>005.28</speed>
</trkpt> 
<trkpt lat="+51.48374" lon="-000.22612"> 
<time>2026-03-14T13:24:58Z</time>
<speed>005.28</speed>
</trkpt> 
<trkpt lat="+51.48369" lon="-000.22611"> 
<time>2026-03-14T13:24:59Z</time>
<speed>005.27</speed>
</trkpt> 
<trkpt lat="+51.48364" lon="-000.22609"> 
<time>2026-03-14T13:25:00Z</time>
<speed>005.27</speed>
</trkpt> 
<trkpt lat="+51.48359" lon="-000.22608"> 
<time>2026-03-14T13:25:01Z</time>
<speed>005.32</speed>
</trkpt> 
<trkpt lat="+51.48354" lon="-000.22607"> 
<time>2026-03-14T13:25:02Z</time>
<speed>005.32</speed>
</trkpt> 
<trkpt lat="+51.48349" lon="-000.22605"> 
<time>2026-03-14T13:25:03Z</time>
<speed>005.32</speed>
</trkpt> 
<trkpt lat="+51.48345" lon="-000.22604"> 
<time>2026-03-14T13:25:04Z</time>
<speed>005.32</speed>
</trkpt> 
<trkpt lat="+51.48340" lon="-000.22602"> 
<time>2026-03-14T13:25:05Z</time>
<speed>005.33</speed>
</trkpt> 
<trkpt lat="+51.48336" lon="-000.22601"> 
<time>2026-03-14T13:25:06Z</time>
<speed>005.33</speed>
</trkpt> 
<trkpt lat="+51.48332" lon="-000.22599"> 
<time>2026-03-14T13:25:07Z</time>
<speed>005.33</speed>
</trkpt> 
<trkpt lat="+51.48327" lon="-000.22597"> 
<time>2026-03-14T13:25:08Z</time>
<speed>005.33</speed>
</trkpt> 
<trkpt lat="+51.48323" lon="-000.22595"> 
<time>2026-03-14T13:25:09Z</time>
<speed>005.45</speed>
</trkpt> 
<trkpt lat="+51.48318" lon="-000.22594"> 
<time>2026-03-14T13:25:10Z</time>
<speed>005.45</speed>
</trkpt> 
<trkpt lat="+51.48315" lon="-000.22592"> 
<time>2026-03-14T13:25:11Z</time>
<speed>005.51</speed>
</trkpt> 
<trkpt lat="+51.48310" lon="-000.22591"> 
<time>2026-03-14T13:25:12Z</time>
<speed>005.51</speed>
</trkpt> 
<trkpt lat="+51.48306" lon="-000.22590"> 
<time>2026-03-14T13:25:13Z</time>
<speed>005.47</speed>
</trkpt> 
<trkpt lat="+51.48301" lon="-000.22589"> 
<time>2026-03-14T13:25:14Z</time>
<speed>005.47</speed>
</trkpt> 
<trkpt lat="+51.48296" lon="-000.22587"> 
<time>2026-03-14T13:25:15Z</time>
<speed>005.41</speed>
</trkpt> 
<trkpt lat="+51.48292" lon="-000.22586"> 
<time>2026-03-14T13:25:16Z</time>
<speed>005.26</speed>
</trkpt> 
<trkpt lat="+51.48287" lon="-000.22585"> 
<time>2026-03-14T13:25:17Z</time>
<speed>005.26</speed>
</trkpt> 
<trkpt lat="+51.48281" lon="-000.22584"> 
<time>2026-03-14T13:25:18Z</time>
<speed>005.26</speed>
</trkpt> 
<trkpt lat="+51.48276" lon="-000.22584"> 
<time>2026-03-14T13:25:19Z</time>
<speed>005.26</speed>
</trkpt> 
<trkpt lat="+51.48271" lon="-000.22583"> 
<time>2026-03-14T13:25:20Z</time>
<speed>005.22</speed>
</trkpt> 
<trkpt lat="+51.48267" lon="-000.22582"> 
<time>2026-03-14T13:25:21Z</time>
<speed>005.22</speed>
</trkpt> 
<trkpt lat="+51.48261" lon="-000.22581"> 
<time>2026-03-14T13:25:22Z</time>
<speed>005.36</speed>
</trkpt> 
<trkpt lat="+51.48256" lon="-000.22579"> 
<time>2026-03-14T13:25:23Z</time>
<speed>005.36</speed>
</trkpt> 
<trkpt lat="+51.48251" lon="-000.22579"> 
<time>2026-03-14T13:25:24Z</time>
<speed>005.47</speed>
</trkpt> 
<trkpt lat="+51.48246" lon="-000.22577"> 
<time>2026-03-14T13:25:25Z</time>
<speed>005.47</speed>
</trkpt> 
<trkpt lat="+51.48241" lon="-000.22576"> 
<time>2026-03-14T13:25:26Z</time>
<speed>005.54</speed>
</trkpt> 
<trkpt lat="+51.48236" lon="-000.22575"> 
<time>2026-03-14T13:25:27Z</time>
<speed>005.54</speed>
</trkpt> 
<trkpt lat="+51.48231" lon="-000.22574"> 
<time>2026-03-14T13:25:28Z</time>
<speed>005.50</speed>
</trkpt> 
<trkpt lat="+51.48226" lon="-000.22574"> 
<time>2026-03-14T13:25:29Z</time>
<speed>005.50</speed>
</trkpt> 
<trkpt lat="+51.48221" lon="-000.22574"> 
<time>2026-03-14T13:25:30Z</time>
<speed>005.45</speed>
</trkpt> 
<trkpt lat="+51.48216" lon="-000.22574"> 
<time>2026-03-14T13:25:31Z</time>
<speed>005.45</speed>
</trkpt> 
<trkpt lat="+51.48212" lon="-000.22574"> 
<time>2026-03-14T13:25:32Z</time>
<speed>005.46</speed>
</trkpt> 
<trkpt lat="+51.48208" lon="-000.22573"> 
<time>2026-03-14T13:25:33Z</time>
<speed>005.46</speed>
</trkpt> 
<trkpt lat="+51.48203" lon="-000.22572"> 
<time>2026-03-14T13:25:34Z</time>
<speed>005.42</speed>
</trkpt> 
<trkpt lat="+51.48199" lon="-000.22571"> 
<time>2026-03-14T13:25:35Z</time>
<speed>005.42</speed>
</trkpt> 
<trkpt lat="+51.48194" lon="-000.22570"> 
<time>2026-03-14T13:25:36Z</time>
<speed>005.31</speed>
</trkpt> 
<trkpt lat="+51.48189" lon="-000.22568"> 
<time>2026-03-14T13:25:37Z</time>
<speed>005.31</speed>
</trkpt> 
<trkpt lat="+51.48184" lon="-000.22566"> 
<time>2026-03-14T13:25:38Z</time>
<speed>005.19</speed>
</trkpt> 
<trkpt lat="+51.48180" lon="-000.22564"> 
<time>2026-03-14T13:25:39Z</time>
<speed>005.19</speed>
</trkpt> 
<trkpt lat="+51.48176" lon="-000.22563"> 
<time>2026-03-14T13:25:40Z</time>
<speed>005.19</speed>
</trkpt> 
<trkpt lat="+51.48171" lon="-000.22562"> 
<time>2026-03-14T13:25:41Z</time>
<speed>005.19</speed>
</trkpt> 
<trkpt lat="+51.48167" lon="-000.22560"> 
<time>2026-03-14T13:25:42Z</time>
<speed>005.32</speed>
</trkpt> 
<trkpt lat="+51.48163" lon="-000.22559"> 
<time>2026-03-14T13:25:43Z</time>
<speed>005.32</speed>
</trkpt> 
<trkpt lat="+51.48158" lon="-000.22559"> 
<time>2026-03-14T13:25:44Z</time>
<speed>005.34</speed>
</trkpt> 
<trkpt lat="+51.48153" lon="-000.22558"> 
<time>2026-03-14T13:25:45Z</time>
<speed>005.34</speed>
</trkpt> 
<trkpt lat="+51.48148" lon="-000.22557"> 
<time>2026-03-14T13:25:46Z</time>
<speed>005.41</speed>
</trkpt> 
<trkpt lat="+51.48144" lon="-000.22557"> 
<time>2026-03-14T13:25:47Z</time>
<speed>005.41</speed>
</trkpt> 
<trkpt lat="+51.48139" lon="-000.22558"> 
<time>2026-03-14T13:25:48Z</time>
<speed>005.33</speed>
</trkpt> 
<trkpt lat="+51.48134" lon="-000.22558"> 
<time>2026-03-14T13:25:49Z</time>
<speed>005.31</speed>
</trkpt> 
<trkpt lat="+51.48130" lon="-000.22557"> 
<time>2026-03-14T13:25:50Z</time>
<speed>005.31</speed>
</trkpt> 
<trkpt lat="+51.48125" lon="-000.22556"> 
<time>2026-03-14T13:25:51Z</time>
<speed>005.19</speed>
</trkpt> 
<trkpt lat="+51.48121" lon="-000.22555"> 
<time>2026-03-14T13:25:52Z</time>
<speed>005.19</speed>
</trkpt> 
<trkpt lat="+51.48116" lon="-000.22554"> 
<time>2026-03-14T13:25:53Z</time>
<speed>005.23</speed>
</trkpt> 
<trkpt lat="+51.48111" lon="-000.22552"> 
<time>2026-03-14T13:25:54Z</time>
<speed>005.23</speed>
</trkpt> 
<trkpt lat="+51.48107" lon="-000.22551"> 
<time>2026-03-14T13:25:55Z</time>
<speed>005.19</speed>
</trkpt> 
<trkpt lat="+51.48102" lon="-000.22550"> 
<time>2026-03-14T13:25:56Z</time>
<speed>005.19</speed>
</trkpt> 
<trkpt lat="+51.48098" lon="-000.22549"> 
<time>2026-03-14T13:25:57Z</time>
<speed>005.25</speed>
</trkpt> 
<trkpt lat="+51.48093" lon="-000.22548"> 
<time>2026-03-14T13:25:58Z</time>
<speed>005.25</speed>
</trkpt> 
<trkpt lat="+51.48088" lon="-000.22547"> 
<time>2026-03-14T13:25:59Z</time>
<speed>005.20</speed>
</trkpt> 
<trkpt lat="+51.48083" lon="-000.22547"> 
<time>2026-03-14T13:26:00Z</time>
<speed>005.20</speed>
</trkpt> 
<trkpt lat="+51.48079" lon="-000.22546"> 
<time>2026-03-14T13:26:01Z</time>
<speed>005.27</speed>
</trkpt> 
<trkpt lat="+51.48074" lon="-000.22545"> 
<time>2026-03-14T13:26:02Z</time>
<speed>005.27</speed>
</trkpt> 
<trkpt lat="+51.48069" lon="-000.22544"> 
<time>2026-03-14T13:26:03Z</time>
<speed>005.28</speed>
</trkpt> 
<trkpt lat="+51.48064" lon="-000.22544"> 
<time>2026-03-14T13:26:04Z</time>
<speed>005.28</speed>
</trkpt> 
<trkpt lat="+51.48059" lon="-000.22544"> 
<time>2026-03-14T13:26:05Z</time>
<speed>005.34</speed>
</trkpt> 
<trkpt lat="+51.48054" lon="-000.22544"> 
<time>2026-03-14T13:26:06Z</time>
<speed>005.34</speed>
</trkpt> 
<trkpt lat="+51.48049" lon="-000.22544"> 
<time>2026-03-14T13:26:07Z</time>
<speed>005.36</speed>
</trkpt> 
<trkpt lat="+51.48044" lon="-000.22543"> 
<time>2026-03-14T13:26:08Z</time>
<speed>005.36</speed>
</trkpt> 
<trkpt lat="+51.48039" lon="-000.22542"> 
<time>2026-03-14T13:26:09Z</time>
<speed>005.42</speed>
</trkpt> 
<trkpt lat="+51.48034" lon="-000.22541"> 
<time>2026-03-14T13:26:10Z</time>
<speed>005.42</speed>
</trkpt> 
<trkpt lat="+51.48030" lon="-000.22541"> 
<time>2026-03-14T13:26:11Z</time>
<speed>005.42</speed>
</trkpt> 
<trkpt lat="+51.48026" lon="-000.22541"> 
<time>2026-03-14T13:26:12Z</time>
<speed>005.42</speed>
</trkpt> 
<trkpt lat="+51.48021" lon="-000.22541"> 
<time>2026-03-14T13:26:13Z</time>
<speed>005.39</speed>
</trkpt> 
<trkpt lat="+51.48016" lon="-000.22541"> 
<time>2026-03-14T13:26:14Z</time>
<speed>005.39</speed>
</trkpt> 
<trkpt lat="+51.48012" lon="-000.22541"> 
<time>2026-03-14T13:26:15Z</time>
<speed>005.32</speed>
</trkpt> 
<trkpt lat="+51.48007" lon="-000.22540"> 
<time>2026-03-14T13:26:16Z</time>
<speed>005.32</speed>
</trkpt> 
<trkpt lat="+51.48003" lon="-000.22540"> 
<time>2026-03-14T13:26:17Z</time>
<speed>005.31</speed>
</trkpt> 
<trkpt lat="+51.47999" lon="-000.22539"> 
<time>2026-03-14T13:26:18Z</time>
<speed>005.31</speed>
</trkpt> 
<trkpt lat="+51.47994" lon="-000.22537"> 
<time>2026-03-14T13:26:19Z</time>
<speed>005.31</speed>
</trkpt> 
<trkpt lat="+51.47989" lon="-000.22537"> 
<time>2026-03-14T13:26:20Z</time>
<speed>005.31</speed>
</trkpt> 
<trkpt lat="+51.47983" lon="-000.22535"> 
<time>2026-03-14T13:26:21Z</time>
<speed>005.29</speed>
</trkpt> 
<trkpt lat="+51.47978" lon="-000.22534"> 
<time>2026-03-14T13:26:22Z</time>
<speed>005.29</speed>
</trkpt> 
<trkpt lat="+51.47973" lon="-000.22534"> 
<time>2026-03-14T13:26:23Z</time>
<speed>005.21</speed>
</trkpt> 
<trkpt lat="+51.47969" lon="-000.22534"> 
<time>2026-03-14T13:26:24Z</time>
<speed>005.21</speed>
</trkpt> 
<trkpt lat="+51.47964" lon="-000.22534"> 
<time>2026-03-14T13:26:25Z</time>
<speed>005.19</speed>
</trkpt> 
<trkpt lat="+51.47959" lon="-000.22534"> 
<time>2026-03-14T13:26:26Z</time>
<speed>005.19</speed>
</trkpt> 
<trkpt lat="+51.47954" lon="-000.22535"> 
<time>2026-03-14T13:26:27Z</time>
<speed>005.18</speed>
</trkpt> 
<trkpt lat="+51.47950" lon="-000.22535"> 
<time>2026-03-14T13:26:28Z</time>
<speed>005.20</speed>
</trkpt> 
<trkpt lat="+51.47945" lon="-000.22535"> 
<time>2026-03-14T13:26:29Z</time>
<speed>005.20</speed>
</trkpt> 
<trkpt lat="+51.47940" lon="-000.22535"> 
<time>2026-03-14T13:26:30Z</time>
<speed>005.21</speed>
</trkpt> 
<trkpt lat="+51.47935" lon="-000.22534"> 
<time>2026-03-14T13:26:31Z</time>
<speed>005.21</speed>
</trkpt> 
<trkpt lat="+51.47931" lon="-000.22534"> 
<time>2026-03-14T13:26:32Z</time>
<speed>005.25</speed>
</trkpt> 
<trkpt lat="+51.47926" lon="-000.22533"> 
<time>2026-03-14T13:26:33Z</time>
<speed>005.25</speed>
</trkpt> 
<trkpt lat="+51.47921" lon="-000.22532"> 
<time>2026-03-14T13:26:34Z</time>
<speed>005.23</speed>
</trkpt> 
<trkpt lat="+51.47916" lon="-000.22532"> 
<time>2026-03-14T13:26:35Z</time>
<speed>005.23</speed>
</trkpt> 
<trkpt lat="+51.47911" lon="-000.22531"> 
<time>2026-03-14T13:26:36Z</time>
<speed>005.24</speed>
</trkpt> 
<trkpt lat="+51.47906" lon="-000.22530"> 
<time>2026-03-14T13:26:37Z</time>
<speed>005.24</speed>
</trkpt> 
<trkpt lat="+51.47900" lon="-000.22529"> 
<time>2026-03-14T13:26:38Z</time>
<speed>005.26</speed>
</trkpt> 
<trkpt lat="+51.47896" lon="-000.22529"> 
<time>2026-03-14T13:26:39Z</time>
<speed>005.26</speed>
</trkpt> 
<trkpt lat="+51.47891" lon="-000.22529"> 
<time>2026-03-14T13:26:40Z</time>
<speed>005.31</speed>
</trkpt> 
<trkpt lat="+51.47886" lon="-000.22529"> 
<time>2026-03-14T13:26:41Z</time>
<speed>005.31</speed>
</trkpt> 
<trkpt lat="+51.47881" lon="-000.22529"> 
<time>2026-03-14T13:26:42Z</time>
<speed>005.29</speed>
</trkpt> 
<trkpt lat="+51.47876" lon="-000.22529"> 
<time>2026-03-14T13:26:43Z</time>
<speed>005.29</speed>
</trkpt> 
<trkpt lat="+51.47872" lon="-000.22528"> 
<time>2026-03-14T13:26:44Z</time>
<speed>005.21</speed>
</trkpt> 
<trkpt lat="+51.47867" lon="-000.22527"> 
<time>2026-03-14T13:26:45Z</time>
<speed>005.21</speed>
</trkpt> 
<trkpt lat="+51.47863" lon="-000.22527"> 
<time>2026-03-14T13:26:46Z</time>
<speed>005.12</speed>
</trkpt> 
<trkpt lat="+51.47859" lon="-000.22527"> 
<time>2026-03-14T13:26:47Z</time>
<speed>005.12</speed>
</trkpt> 
<trkpt lat="+51.47853" lon="-000.22527"> 
<time>2026-03-14T13:26:48Z</time>
<speed>005.00</speed>
</trkpt> 
<trkpt lat="+51.47848" lon="-000.22526"> 
<time>2026-03-14T13:26:49Z</time>
<speed>005.00</speed>
</trkpt> 
<trkpt lat="+51.47844" lon="-000.22525"> 
<time>2026-03-14T13:26:50Z</time>
<speed>005.12</speed>
</trkpt> 
<trkpt lat="+51.47839" lon="-000.22524"> 
<time>2026-03-14T13:26:51Z</time>
<speed>005.12</speed>
</trkpt> 
<trkpt lat="+51.47834" lon="-000.22524"> 
<time>2026-03-14T13:26:52Z</time>
<speed>005.27</speed>
</trkpt> 
<trkpt lat="+51.47830" lon="-000.22522"> 
<time>2026-03-14T13:26:53Z</time>
<speed>005.27</speed>
</trkpt> 
<trkpt lat="+51.47825" lon="-000.22522"> 
<time>2026-03-14T13:26:54Z</time>
<speed>005.44</speed>
</trkpt> 
<trkpt lat="+51.47820" lon="-000.22521"> 
<time>2026-03-14T13:26:55Z</time>
<speed>005.44</speed>
</trkpt> 
<trkpt lat="+51.47816" lon="-000.22520"> 
<time>2026-03-14T13:26:56Z</time>
<speed>005.36</speed>
</trkpt> 
<trkpt lat="+51.47811" lon="-000.22519"> 
<time>2026-03-14T13:26:57Z</time>
<speed>005.36</speed>
</trkpt> 
<trkpt lat="+51.47806" lon="-000.22518"> 
<time>2026-03-14T13:26:58Z</time>
<speed>005.26</speed>
</trkpt> 
<trkpt lat="+51.47801" lon="-000.22517"> 
<time>2026-03-14T13:26:59Z</time>
<speed>005.26</speed>
</trkpt> 
<trkpt lat="+51.47797" lon="-000.22517"> 
<time>2026-03-14T13:27:00Z</time>
<speed>005.21</speed>
</trkpt> 
<trkpt lat="+51.47793" lon="-000.22516"> 
<time>2026-03-14T13:27:01Z</time>
<speed>005.21</speed>
</trkpt> 
<trkpt lat="+51.47788" lon="-000.22515"> 
<time>2026-03-14T13:27:02Z</time>
<speed>005.20</speed>
</trkpt> 
<trkpt lat="+51.47784" lon="-000.22514"> 
<time>2026-03-14T13:27:03Z</time>
<speed>005.20</speed>
</trkpt> 
<trkpt lat="+51.47779" lon="-000.22514"> 
<time>2026-03-14T13:27:04Z</time>
<speed>005.11</speed>
</trkpt> 
<trkpt lat="+51.47773" lon="-000.22514"> 
<time>2026-03-14T13:27:05Z</time>
<speed>005.11</speed>
</trkpt> 
<trkpt lat="+51.47768" lon="-000.22512"> 
<time>2026-03-14T13:27:06Z</time>
<speed>005.01</speed>
</trkpt> 
<trkpt lat="+51.47764" lon="-000.22512"> 
<time>2026-03-14T13:27:07Z</time>
<speed>005.01</speed>
</trkpt> 
<trkpt lat="+51.47759" lon="-000.22512"> 
<time>2026-03-14T13:27:08Z</time>
<speed>005.02</speed>
</trkpt> 
<trkpt lat="+51.47754" lon="-000.22511"> 
<time>2026-03-14T13:27:09Z</time>
<speed>005.06</speed>
</trkpt> 
<trkpt lat="+51.47750" lon="-000.22510"> 
<time>2026-03-14T13:27:10Z</time>
<speed>005.06</speed>
</trkpt> 
<trkpt lat="+51.47746" lon="-000.22510"> 
<time>2026-03-14T13:27:11Z</time>
<speed>005.04</speed>
</trkpt> 
<trkpt lat="+51.47741" lon="-000.22509"> 
<time>2026-03-14T13:27:12Z</time>
<speed>005.04</speed>
</trkpt> 
<trkpt lat="+51.47736" lon="-000.22507"> 
<time>2026-03-14T13:27:13Z</time>
<speed>005.03</speed>
</trkpt> 
<trkpt lat="+51.47732" lon="-000.22507"> 
<time>2026-03-14T13:27:14Z</time>
<speed>005.03</speed>
</trkpt> 
<trkpt lat="+51.47727" lon="-000.22506"> 
<time>2026-03-14T13:27:15Z</time>
<speed>005.07</speed>
</trkpt> 
<trkpt lat="+51.47723" lon="-000.22505"> 
<time>2026-03-14T13:27:16Z</time>
<speed>005.07</speed>
</trkpt> 
<trkpt lat="+51.47719" lon="-000.22504"> 
<time>2026-03-14T13:27:17Z</time>
<speed>005.15</speed>
</trkpt> 
<trkpt lat="+51.47716" lon="-000.22504"> 
<time>2026-03-14T13:27:18Z</time>
<speed>005.15</speed>
</trkpt> 
<trkpt lat="+51.47713" lon="-000.22502"> 
<time>2026-03-14T13:27:19Z</time>
<speed>005.09</speed>
</trkpt> 
<trkpt lat="+51.47708" lon="-000.22502"> 
<time>2026-03-14T13:27:20Z</time>
<speed>005.09</speed>
</trkpt> 
<trkpt lat="+51.47704" lon="-000.22502"> 
<time>2026-03-14T13:27:21Z</time>
<speed>005.08</speed>
</trkpt> 
<trkpt lat="+51.47699" lon="-000.22502"> 
<time>2026-03-14T13:27:22Z</time>
<speed>005.08</speed>
</trkpt> 
<trkpt lat="+51.47694" lon="-000.22500"> 
<time>2026-03-14T13:27:23Z</time>
<speed>005.05</speed>
</trkpt> 
<trkpt lat="+51.47689" lon="-000.22501"> 
<time>2026-03-14T13:27:24Z</time>
<speed>005.05</speed>
</trkpt> 
<trkpt lat="+51.47684" lon="-000.22500"> 
<time>2026-03-14T13:27:25Z</time>
<speed>005.15</speed>
</trkpt> 
<trkpt lat="+51.47681" lon="-000.22500"> 
<time>2026-03-14T13:27:26Z</time>
<speed>005.15</speed>
</trkpt> 
<trkpt lat="+51.47676" lon="-000.22499"> 
<time>2026-03-14T13:27:27Z</time>
<speed>005.11</speed>
</trkpt> 
<trkpt lat="+51.47671" lon="-000.22498"> 
<time>2026-03-14T13:27:28Z</time>
<speed>005.11</speed>
</trkpt> 
<trkpt lat="+51.47667" lon="-000.22496"> 
<time>2026-03-14T13:27:29Z</time>
<speed>005.14</speed>
</trkpt> 
<trkpt lat="+51.47663" lon="-000.22495"> 
<time>2026-03-14T13:27:30Z</time>
<speed>005.14</speed>
</trkpt> 
<trkpt lat="+51.47659" lon="-000.22493"> 
<time>2026-03-14T13:27:31Z</time>
<speed>005.06</speed>
</trkpt> 
<trkpt lat="+51.47656" lon="-000.22491"> 
<time>2026-03-14T13:27:32Z</time>
<speed>005.06</speed>
</trkpt> 
<trkpt lat="+51.47651" lon="-000.22489"> 
<time>2026-03-14T13:27:33Z</time>
<speed>005.01</speed>
</trkpt> 
<trkpt lat="+51.47647" lon="-000.22488"> 
<time>2026-03-14T13:27:34Z</time>
<speed>005.01</speed>
</trkpt> 
<trkpt lat="+51.47642" lon="-000.22487"> 
<time>2026-03-14T13:27:35Z</time>
<speed>004.89</speed>
</trkpt> 
<trkpt lat="+51.47638" lon="-000.22486"> 
<time>2026-03-14T13:27:36Z</time>
<speed>004.89</speed>
</trkpt> 
<trkpt lat="+51.47634" lon="-000.22484"> 
<time>2026-03-14T13:27:37Z</time>
<speed>004.82</speed>
</trkpt> 
<trkpt lat="+51.47629" lon="-000.22483"> 
<time>2026-03-14T13:27:38Z</time>
<speed>004.82</speed>
</trkpt> 
<trkpt lat="+51.47624" lon="-000.22482"> 
<time>2026-03-14T13:27:39Z</time>
<speed>004.91</speed>
</trkpt> 
<trkpt lat="+51.47621" lon="-000.22480"> 
<time>2026-03-14T13:27:40Z</time>
<speed>004.91</speed>
</trkpt> 
<trkpt lat="+51.47616" lon="-000.22479"> 
<time>2026-03-14T13:27:41Z</time>
<speed>004.93</speed>
</trkpt> 
<trkpt lat="+51.47612" lon="-000.22477"> 
<time>2026-03-14T13:27:42Z</time>
<speed>004.93</speed>
</trkpt> 
<trkpt lat="+51.47607" lon="-000.22475"> 
<time>2026-03-14T13:27:43Z</time>
<speed>004.93</speed>
</trkpt> 
<trkpt lat="+51.47603" lon="-000.22474"> 
<time>2026-03-14T13:27:44Z</time>
<speed>004.93</speed>
</trkpt> 
<trkpt lat="+51.47598" lon="-000.22474"> 
<time>2026-03-14T13:27:45Z</time>
<speed>004.89</speed>
</trkpt> 
<trkpt lat="+51.47594" lon="-000.22472"> 
<time>2026-03-14T13:27:46Z</time>
<speed>004.89</speed>
</trkpt> 
<trkpt lat="+51.47588" lon="-000.22472"> 
<time>2026-03-14T13:27:47Z</time>
<speed>004.95</speed>
</trkpt> 
<trkpt lat="+51.47584" lon="-000.22470"> 
<time>2026-03-14T13:27:48Z</time>
<speed>004.95</speed>
</trkpt> 
<trkpt lat="+51.47579" lon="-000.22469"> 
<time>2026-03-14T13:27:49Z</time>
<speed>005.17</speed>
</trkpt> 
<trkpt lat="+51.47574" lon="-000.22468"> 
<time>2026-03-14T13:27:50Z</time>
<speed>005.17</speed>
</trkpt> 
<trkpt lat="+51.47570" lon="-000.22466"> 
<time>2026-03-14T13:27:51Z</time>
<speed>005.34</speed>
</trkpt> 
<trkpt lat="+51.47566" lon="-000.22465"> 
<time>2026-03-14T13:27:52Z</time>
<speed>005.34</speed>
</trkpt> 
<trkpt lat="+51.47562" lon="-000.22463"> 
<time>2026-03-14T13:27:53Z</time>
<speed>005.32</speed>
</trkpt> 
<trkpt lat="+51.47557" lon="-000.22461"> 
<time>2026-03-14T13:27:54Z</time>
<speed>005.32</speed>
</trkpt> 
<trkpt lat="+51.47553" lon="-000.22459"> 
<time>2026-03-14T13:27:55Z</time>
<speed>005.17</speed>
</trkpt> 
<trkpt lat="+51.47549" lon="-000.22457"> 
<time>2026-03-14T13:27:56Z</time>
<speed>005.17</speed>
</trkpt> 
<trkpt lat="+51.47544" lon="-000.22455"> 
<time>2026-03-14T13:27:57Z</time>
<speed>005.02</speed>
</trkpt> 
<trkpt lat="+51.47540" lon="-000.22452"> 
<time>2026-03-14T13:27:58Z</time>
<speed>005.02</speed>
</trkpt> 
<trkpt lat="+51.47535" lon="-000.22451"> 
<time>2026-03-14T13:27:59Z</time>
<speed>005.17</speed>
</trkpt> 
<trkpt lat="+51.47530" lon="-000.22449"> 
<time>2026-03-14T13:28:00Z</time>
<speed>005.17</speed>
</trkpt> 
<trkpt lat="+51.47525" lon="-000.22447"> 
<time>2026-03-14T13:28:01Z</time>
<speed>005.16</speed>
</trkpt> 
<trkpt lat="+51.47520" lon="-000.22446"> 
<time>2026-03-14T13:28:02Z</time>
<speed>005.16</speed>
</trkpt> 
<trkpt lat="+51.47516" lon="-000.22444"> 
<time>2026-03-14T13:28:03Z</time>
<speed>005.26</speed>
</trkpt> 
<trkpt lat="+51.47511" lon="-000.22443"> 
<time>2026-03-14T13:28:04Z</time>
<speed>005.26</speed>
</trkpt> 
<trkpt lat="+51.47506" lon="-000.22441"> 
<time>2026-03-14T13:28:05Z</time>
<speed>005.28</speed>
</trkpt> 
<trkpt lat="+51.47502" lon="-000.22439"> 
<time>2026-03-14T13:28:06Z</time>
<speed>005.28</speed>
</trkpt> 
<trkpt lat="+51.47498" lon="-000.22436"> 
<time>2026-03-14T13:28:07Z</time>
<speed>005.38</speed>
</trkpt> 
<trkpt lat="+51.47494" lon="-000.22434"> 
<time>2026-03-14T13:28:08Z</time>
<speed>005.38</speed>
</trkpt> 
<trkpt lat="+51.47489" lon="-000.22432"> 
<time>2026-03-14T13:28:09Z</time>
<speed>005.37</speed>
</trkpt> 
<trkpt lat="+51.47486" lon="-000.22429"> 
<time>2026-03-14T13:28:10Z</time>
<speed>005.37</speed>
</trkpt> 
<trkpt lat="+51.47481" lon="-000.22427"> 
<time>2026-03-14T13:28:11Z</time>
<speed>005.35</speed>
</trkpt> 
<trkpt lat="+51.47477" lon="-000.22425"> 
<time>2026-03-14T13:28:12Z</time>
<speed>005.35</speed>
</trkpt> 
<trkpt lat="+51.47473" lon="-000.22422"> 
<time>2026-03-14T13:28:13Z</time>
<speed>005.32</speed>
</trkpt> 
<trkpt lat="+51.47469" lon="-000.22420"> 
<time>2026-03-14T13:28:14Z</time>
<speed>005.30</speed>
</trkpt> 
<trkpt lat="+51.47464" lon="-000.22417"> 
<time>2026-03-14T13:28:15Z</time>
<speed>005.30</speed>
</trkpt> 
<trkpt lat="+51.47460" lon="-000.22414"> 
<time>2026-03-14T13:28:16Z</time>
<speed>005.40</speed>
</trkpt> 
<trkpt lat="+51.47455" lon="-000.22412"> 
<time>2026-03-14T13:28:17Z</time>
<speed>005.40</speed>
</trkpt> 
<trkpt lat="+51.47452" lon="-000.22409"> 
<time>2026-03-14T13:28:18Z</time>
<speed>005.47</speed>
</trkpt> 
<trkpt lat="+51.47448" lon="-000.22407"> 
<time>2026-03-14T13:28:19Z</time>
<speed>005.47</speed>
</trkpt> 
<trkpt lat="+51.47444" lon="-000.22404"> 
<time>2026-03-14T13:28:20Z</time>
<speed>005.49</speed>
</trkpt> 
<trkpt lat="+51.47440" lon="-000.22402"> 
<time>2026-03-14T13:28:21Z</time>
<speed>005.49</speed>
</trkpt> 
<trkpt lat="+51.47436" lon="-000.22399"> 
<time>2026-03-14T13:28:22Z</time>
<speed>005.36</speed>
</trkpt> 
<trkpt lat="+51.47431" lon="-000.22397"> 
<time>2026-03-14T13:28:23Z</time>
<speed>005.36</speed>
</trkpt> 
<trkpt lat="+51.47427" lon="-000.22395"> 
<time>2026-03-14T13:28:24Z</time>
<speed>005.27</speed>
</trkpt> 
<trkpt lat="+51.47423" lon="-000.22392"> 
<time>2026-03-14T13:28:25Z</time>
<speed>005.27</speed>
</trkpt> 
<trkpt lat="+51.47419" lon="-000.22389"> 
<time>2026-03-14T13:28:26Z</time>
<speed>005.24</speed>
</trkpt> 
<trkpt lat="+51.47416" lon="-000.22385"> 
<time>2026-03-14T13:28:27Z</time>
<speed>005.24</speed>
</trkpt> 
<trkpt lat="+51.47411" lon="-000.22381"> 
<time>2026-03-14T13:28:28Z</time>
<speed>005.25</speed>
</trkpt> 
<trkpt lat="+51.47407" lon="-000.22377"> 
<time>2026-03-14T13:28:29Z</time>
<speed>005.25</speed>
</trkpt> 
<trkpt lat="+51.47403" lon="-000.22373"> 
<time>2026-03-14T13:28:30Z</time>
<speed>005.38</speed>
</trkpt> 
<trkpt lat="+51.47399" lon="-000.22370"> 
<time>2026-03-14T13:28:31Z</time>
<speed>005.38</speed>
</trkpt> 
<trkpt lat="+51.47395" lon="-000.22367"> 
<time>2026-03-14T13:28:32Z</time>
<speed>005.32</speed>
</trkpt> 
<trkpt lat="+51.47391" lon="-000.22363"> 
<time>2026-03-14T13:28:33Z</time>
<speed>005.32</speed>
</trkpt> 
<trkpt lat="+51.47387" lon="-000.22359"> 
<time>2026-03-14T13:28:34Z</time>
<speed>005.27</speed>
</trkpt> 
<trkpt lat="+51.47383" lon="-000.22356"> 
<time>2026-03-14T13:28:35Z</time>
<speed>005.27</speed>
</trkpt> 
<trkpt lat="+51.47378" lon="-000.22352"> 
<time>2026-03-14T13:28:36Z</time>
<speed>005.12</speed>
</trkpt> 
<trkpt lat="+51.47374" lon="-000.22349"> 
<time>2026-03-14T13:28:37Z</time>
<speed>005.12</speed>
</trkpt> 
<trkpt lat="+51.47369" lon="-000.22345"> 
<time>2026-03-14T13:28:38Z</time>
<speed>005.21</speed>
</trkpt> 
<trkpt lat="+51.47365" lon="-000.22342"> 
<time>2026-03-14T13:28:39Z</time>
<speed>005.21</speed>
</trkpt> 
<trkpt lat="+51.47361" lon="-000.22338"> 
<time>2026-03-14T13:28:40Z</time>
<speed>005.20</speed>
</trkpt> 
<trkpt lat="+51.47356" lon="-000.22334"> 
<time>2026-03-14T13:28:41Z</time>
<speed>005.20</speed>
</trkpt> 
<trkpt lat="+51.47352" lon="-000.22331"> 
<time>2026-03-14T13:28:42Z</time>
<speed>005.23</speed>
</trkpt> 
<trkpt lat="+51.47348" lon="-000.22327"> 
<time>2026-03-14T13:28:43Z</time>
<speed>005.23</speed>
</trkpt> 
<trkpt lat="+51.47344" lon="-000.22323"> 
<time>2026-03-14T13:28:44Z</time>
<speed>005.24</speed>
</trkpt> 
<trkpt lat="+51.47339" lon="-000.22319"> 
<time>2026-03-14T13:28:45Z</time>
<speed>005.24</speed>
</trkpt> 
<trkpt lat="+51.47335" lon="-000.22316"> 
<time>2026-03-14T13:28:46Z</time>
<speed>005.22</speed>
</trkpt> 
<trkpt lat="+51.47332" lon="-000.22311"> 
<time>2026-03-14T13:28:47Z</time>
<speed>005.22</speed>
</trkpt> 
<trkpt lat="+51.47328" lon="-000.22307"> 
<time>2026-03-14T13:28:48Z</time>
<speed>005.16</speed>
</trkpt> 
<trkpt lat="+51.47324" lon="-000.22303"> 
<time>2026-03-14T13:28:49Z</time>
<speed>005.16</speed>
</trkpt> 
<trkpt lat="+51.47320" lon="-000.22299"> 
<time>2026-03-14T13:28:50Z</time>
<speed>004.99</speed>
</trkpt> 
<trkpt lat="+51.47316" lon="-000.22296"> 
<time>2026-03-14T13:28:51Z</time>
<speed>004.99</speed>
</trkpt> 
<trkpt lat="+51.47311" lon="-000.22291"> 
<time>2026-03-14T13:28:52Z</time>
<speed>005.04</speed>
</trkpt> 
<trkpt lat="+51.47307" lon="-000.22288"> 
<time>2026-03-14T13:28:53Z</time>
<speed>005.04</speed>
</trkpt> 
<trkpt lat="+51.47302" lon="-000.22284"> 
<time>2026-03-14T13:28:54Z</time>
<speed>005.03</speed>
</trkpt> 
<trkpt lat="+51.47299" lon="-000.22280"> 
<time>2026-03-14T13:28:55Z</time>
<speed>005.03</speed>
</trkpt> 
<trkpt lat="+51.47294" lon="-000.22276"> 
<time>2026-03-14T13:28:56Z</time>
<speed>005.22</speed>
</trkpt> 
<trkpt lat="+51.47291" lon="-000.22271"> 
<time>2026-03-14T13:28:57Z</time>
<speed>005.22</speed>
</trkpt> 
<trkpt lat="+51.47287" lon="-000.22267"> 
<time>2026-03-14T13:28:58Z</time>
<speed>005.29</speed>
</trkpt> 
<trkpt lat="+51.47283" lon="-000.22262"> 
<time>2026-03-14T13:28:59Z</time>
<speed>005.34</speed>
</trkpt> 
<trkpt lat="+51.47279" lon="-000.22258"> 
<time>2026-03-14T13:29:00Z</time>
<speed>005.34</speed>
</trkpt> 
<trkpt lat="+51.47276" lon="-000.22254"> 
<time>2026-03-14T13:29:01Z</time>
<speed>005.27</speed>
</trkpt> 
<trkpt lat="+51.47272" lon="-000.22249"> 
<time>2026-03-14T13:29:02Z</time>
<speed>005.27</speed>
</trkpt> 
<trkpt lat="+51.47269" lon="-000.22246"> 
<time>2026-03-14T13:29:03Z</time>
<speed>005.18</speed>
</trkpt> 
<trkpt lat="+51.47265" lon="-000.22241"> 
<time>2026-03-14T13:29:04Z</time>
<speed>005.18</speed>
</trkpt> 
<trkpt lat="+51.47261" lon="-000.22237"> 
<time>2026-03-14T13:29:05Z</time>
<speed>005.13</speed>
</trkpt> 
<trkpt lat="+51.47257" lon="-000.22233"> 
<time>2026-03-14T13:29:06Z</time>
<speed>005.13</speed>
</trkpt> 
<trkpt lat="+51.47254" lon="-000.22229"> 
<time>2026-03-14T13:29:07Z</time>
<speed>005.13</speed>
</trkpt> 
<trkpt lat="+51.47249" lon="-000.22224"> 
<time>2026-03-14T13:29:08Z</time>
<speed>005.13</speed>
</trkpt> 
<trkpt lat="+51.47246" lon="-000.22220"> 
<time>2026-03-14T13:29:09Z</time>
<speed>005.15</speed>
</trkpt> 
<trkpt lat="+51.47242" lon="-000.22215"> 
<time>2026-03-14T13:29:10Z</time>
<speed>005.15</speed>
</trkpt> 
<trkpt lat="+51.47238" lon="-000.22210"> 
<time>2026-03-14T13:29:11Z</time>
<speed>005.19</speed>
</trkpt> 
<trkpt lat="+51.47234" lon="-000.22206"> 
<time>2026-03-14T13:29:12Z</time>
<speed>005.19</speed>
</trkpt> 
<trkpt lat="+51.47229" lon="-000.22202"> 
<time>2026-03-14T13:29:13Z</time>
<speed>005.17</speed>
</trkpt> 
<trkpt lat="+51.47226" lon="-000.22199"> 
<time>2026-03-14T13:29:14Z</time>
<speed>005.17</speed>
</trkpt> 
<trkpt lat="+51.47222" lon="-000.22194"> 
<time>2026-03-14T13:29:15Z</time>
<speed>005.12</speed>
</trkpt> 
<trkpt lat="+51.47217" lon="-000.22190"> 
<time>2026-03-14T13:29:16Z</time>
<speed>005.12</speed>
</trkpt> 
<trkpt lat="+51.47214" lon="-000.22185"> 
<time>2026-03-14T13:29:17Z</time>
<speed>005.09</speed>
</trkpt> 
<trkpt lat="+51.47209" lon="-000.22181"> 
<time>2026-03-14T13:29:18Z</time>
<speed>005.09</speed>
</trkpt> 
<trkpt lat="+51.47206" lon="-000.22176"> 
<time>2026-03-14T13:29:19Z</time>
<speed>005.14</speed>
</trkpt> 
<trkpt lat="+51.47202" lon="-000.22171"> 
<time>2026-03-14T13:29:20Z</time>
<speed>005.14</speed>
</trkpt> 
<trkpt lat="+51.47198" lon="-000.22166"> 
<time>2026-03-14T13:29:21Z</time>
<speed>005.29</speed>
</trkpt> 
<trkpt lat="+51.47194" lon="-000.22162"> 
<time>2026-03-14T13:29:22Z</time>
<speed>005.29</speed>
</trkpt> 
<trkpt lat="+51.47190" lon="-000.22157"> 
<time>2026-03-14T13:29:23Z</time>
<speed>005.34</speed>
</trkpt> 
<trkpt lat="+51.47187" lon="-000.22153"> 
<time>2026-03-14T13:29:24Z</time>
<speed>005.34</speed>
</trkpt> 
<trkpt lat="+51.47183" lon="-000.22149"> 
<time>2026-03-14T13:29:25Z</time>
<speed>005.36</speed>
</trkpt> 
<trkpt lat="+51.47179" lon="-000.22144"> 
<time>2026-03-14T13:29:26Z</time>
<speed>005.34</speed>
</trkpt> 
<trkpt lat="+51.47175" lon="-000.22139"> 
<time>2026-03-14T13:29:27Z</time>
<speed>005.34</speed>
</trkpt> 
<trkpt lat="+51.47172" lon="-000.22134"> 
<time>2026-03-14T13:29:28Z</time>
<speed>005.35</speed>
</trkpt> 
<trkpt lat="+51.47167" lon="-000.22129"> 
<time>2026-03-14T13:29:29Z</time>
<speed>005.35</speed>
</trkpt> 
<trkpt lat="+51.47165" lon="-000.22124"> 
<time>2026-03-14T13:29:30Z</time>
<speed>005.39</speed>
</trkpt> 
<trkpt lat="+51.47161" lon="-000.22119"> 
<time>2026-03-14T13:29:31Z</time>
<speed>005.39</speed>
</trkpt> 
<trkpt lat="+51.47158" lon="-000.22114"> 
<time>2026-03-14T13:29:32Z</time>
<speed>005.35</speed>
</trkpt> 
<trkpt lat="+51.47154" lon="-000.22109"> 
<time>2026-03-14T13:29:33Z</time>
<speed>005.35</speed>
</trkpt> 
<trkpt lat="+51.47151" lon="-000.22104"> 
<time>2026-03-14T13:29:34Z</time>
<speed>005.32</speed>
</trkpt> 
<trkpt lat="+51.47148" lon="-000.22100"> 
<time>2026-03-14T13:29:35Z</time>
<speed>005.32</speed>
</trkpt> 
<trkpt lat="+51.47144" lon="-000.22095"> 
<time>2026-03-14T13:29:36Z</time>
<speed>005.22</speed>
</trkpt> 
<trkpt lat="+51.47140" lon="-000.22090"> 
<time>2026-03-14T13:29:37Z</time>
<speed>005.22</speed>
</trkpt> 
<trkpt lat="+51.47136" lon="-000.22085"> 
<time>2026-03-14T13:29:38Z</time>
<speed>005.23</speed>
</trkpt> 
<trkpt lat="+51.47133" lon="-000.22081"> 
<time>2026-03-14T13:29:39Z</time>
<speed>005.23</speed>
</trkpt> 
<trkpt lat="+51.47129" lon="-000.22076"> 
<time>2026-03-14T13:29:40Z</time>
<speed>005.27</speed>
</trkpt> 
<trkpt lat="+51.47124" lon="-000.22071"> 
<time>2026-03-14T13:29:41Z</time>
<speed>005.27</speed>
</trkpt> 
<trkpt lat="+51.47121" lon="-000.22066"> 
<time>2026-03-14T13:29:42Z</time>
<speed>005.31</speed>
</trkpt> 
<trkpt lat="+51.47117" lon="-000.22061"> 
<time>2026-03-14T13:29:43Z</time>
<speed>005.31</speed>
</trkpt> 
<trkpt lat="+51.47114" lon="-000.22056"> 
<time>2026-03-14T13:29:44Z</time>
<speed>005.36</speed>
</trkpt> 
<trkpt lat="+51.47111" lon="-000.22051"> 
<time>2026-03-14T13:29:45Z</time>
<speed>005.36</speed>
</trkpt> 
<trkpt lat="+51.47107" lon="-000.22046"> 
<time>2026-03-14T13:29:46Z</time>
<speed>005.36</speed>
</trkpt> 
<trkpt lat="+51.47104" lon="-000.22042"> 
<time>2026-03-14T13:29:47Z</time>
<speed>005.37</speed>
</trkpt> 
<trkpt lat="+51.47100" lon="-000.22037"> 
<time>2026-03-14T13:29:48Z</time>
<speed>005.37</speed>
</trkpt> 
<trkpt lat="+51.47097" lon="-000.22032"> 
<time>2026-03-14T13:29:49Z</time>
<speed>005.27</speed>
</trkpt> 
<trkpt lat="+51.47094" lon="-000.22027"> 
<time>2026-03-14T13:29:50Z</time>
<speed>005.27</speed>
</trkpt> 
<trkpt lat="+51.47089" lon="-000.22022"> 
<time>2026-03-14T13:29:51Z</time>
<speed>005.21</speed>
</trkpt> 
<trkpt lat="+51.47086" lon="-000.22017"> 
<time>2026-03-14T13:29:52Z</time>
<speed>005.21</speed>
</trkpt> 
<trkpt lat="+51.47083" lon="-000.22012"> 
<time>2026-03-14T13:29:53Z</time>
<speed>005.22</speed>
</trkpt> 
<trkpt lat="+51.47080" lon="-000.22007"> 
<time>2026-03-14T13:29:54Z</time>
<speed>005.22</speed>
</trkpt> 
<trkpt lat="+51.47077" lon="-000.22002"> 
<time>2026-03-14T13:29:55Z</time>
<speed>005.30</speed>
</trkpt> 
<trkpt lat="+51.47074" lon="-000.21997"> 
<time>2026-03-14T13:29:56Z</time>
<speed>005.30</speed>
</trkpt> 
<trkpt lat="+51.47069" lon="-000.21991"> 
<time>2026-03-14T13:29:57Z</time>
<speed>005.34</speed>
</trkpt> 
<trkpt lat="+51.47066" lon="-000.21987"> 
<time>2026-03-14T13:29:58Z</time>
<speed>005.34</speed>
</trkpt> 
<trkpt lat="+51.47062" lon="-000.21982"> 
<time>2026-03-14T13:29:59Z</time>
<speed>005.33</speed>
</trkpt> 
<trkpt lat="+51.47059" lon="-000.21977"> 
<time>2026-03-14T13:30:00Z</time>
<speed>005.33</speed>
</trkpt> 
<trkpt lat="+51.47057" lon="-000.21971"> 
<time>2026-03-14T13:30:01Z</time>
<speed>005.26</speed>
</trkpt> 
<trkpt lat="+51.47053" lon="-000.21966"> 
<time>2026-03-14T13:30:02Z</time>
<speed>005.26</speed>
</trkpt> 
<trkpt lat="+51.47050" lon="-000.21960"> 
<time>2026-03-14T13:30:03Z</time>
<speed>005.26</speed>
</trkpt> 
<trkpt lat="+51.47046" lon="-000.21956"> 
<time>2026-03-14T13:30:04Z</time>
<speed>005.26</speed>
</trkpt> 
<trkpt lat="+51.47042" lon="-000.21950"> 
<time>2026-03-14T13:30:05Z</time>
<speed>005.21</speed>
</trkpt> 
<trkpt lat="+51.47039" lon="-000.21946"> 
<time>2026-03-14T13:30:06Z</time>
<speed>005.21</speed>
</trkpt> 
<trkpt lat="+51.47035" lon="-000.21941"> 
<time>2026-03-14T13:30:07Z</time>
<speed>005.21</speed>
</trkpt> 
<trkpt lat="+51.47032" lon="-000.21937"> 
<time>2026-03-14T13:30:08Z</time>
<speed>005.10</speed>
</trkpt> 
<trkpt lat="+51.47029" lon="-000.21932"> 
<time>2026-03-14T13:30:09Z</time>
<speed>005.10</speed>
</trkpt> 
<trkpt lat="+51.47024" lon="-000.21927"> 
<time>2026-03-14T13:30:10Z</time>
<speed>005.10</speed>
</trkpt> 
<trkpt lat="+51.47021" lon="-000.21922"> 
<time>2026-03-14T13:30:11Z</time>
<speed>005.10</speed>
</trkpt> 
<trkpt lat="+51.47017" lon="-000.21917"> 
<time>2026-03-14T13:30:12Z</time>
<speed>005.17</speed>
</trkpt> 
<trkpt lat="+51.47014" lon="-000.21912"> 
<time>2026-03-14T13:30:13Z</time>
<speed>005.17</speed>
</trkpt> 
<trkpt lat="+51.47011" lon="-000.21907"> 
<time>2026-03-14T13:30:14Z</time>
<speed>005.20</speed>
</trkpt> 
<trkpt lat="+51.47007" lon="-000.21902"> 
<time>2026-03-14T13:30:15Z</time>
<speed>005.20</speed>
</trkpt> 
<trkpt lat="+51.47003" lon="-000.21897"> 
<time>2026-03-14T13:30:16Z</time>
<speed>005.23</speed>
</trkpt> 
<trkpt lat="+51.47000" lon="-000.21892"> 
<time>2026-03-14T13:30:17Z</time>
<speed>005.23</speed>
</trkpt> 
<trkpt lat="+51.46996" lon="-000.21887"> 
<time>2026-03-14T13:30:18Z</time>
<speed>005.20</speed>
</trkpt> 
<trkpt lat="+51.46993" lon="-000.21882"> 
<time>2026-03-14T13:30:19Z</time>
<speed>005.20</speed>
</trkpt> 
<trkpt lat="+51.46989" lon="-000.21876"> 
<time>2026-03-14T13:30:20Z</time>
<speed>005.22</speed>
</trkpt> 
<trkpt lat="+51.46986" lon="-000.21872"> 
<time>2026-03-14T13:30:21Z</time>
<speed>005.22</speed>
</trkpt> 
<trkpt lat="+51.46983" lon="-000.21866"> 
<time>2026-03-14T13:30:22Z</time>
<speed>005.19</speed>
</trkpt> 
<trkpt lat="+51.46979" lon="-000.21861"> 
<time>2026-03-14T13:30:23Z</time>
<speed>005.19</speed>
</trkpt> 
<trkpt lat="+51.46976" lon="-000.21855"> 
<time>2026-03-14T13:30:24Z</time>
<speed>005.20</speed>
</trkpt> 
<trkpt lat="+51.46972" lon="-000.21850"> 
<time>2026-03-14T13:30:25Z</time>
<speed>005.20</speed>
</trkpt> 
<trkpt lat="+51.46967" lon="-000.21844"> 
<time>2026-03-14T13:30:26Z</time>
<speed>005.29</speed>
</trkpt> 
<trkpt lat="+51.46964" lon="-000.21839"> 
<time>2026-03-14T13:30:27Z</time>
<speed>005.45</speed>
</trkpt> 
<trkpt lat="+51.46961" lon="-000.21834"> 
<time>2026-03-14T13:30:28Z</time>
<speed>005.45</speed>
</trkpt> 
<trkpt lat="+51.46957" lon="-000.21829"> 
<time>2026-03-14T13:30:29Z</time>
<speed>005.45</speed>
</trkpt> 
<trkpt lat="+51.46954" lon="-000.21824"> 
<time>2026-03-14T13:30:30Z</time>
<speed>005.45</speed>
</trkpt> 
<trkpt lat="+51.46951" lon="-000.21820"> 
<time>2026-03-14T13:30:31Z</time>
<speed>005.45</speed>
</trkpt> 
<trkpt lat="+51.46948" lon="-000.21816"> 
<time>2026-03-14T13:30:32Z</time>
<speed>005.45</speed>
</trkpt> 
<trkpt lat="+51.46944" lon="-000.21812"> 
<time>2026-03-14T13:30:33Z</time>
<speed>005.37</speed>
</trkpt> 
<trkpt lat="+51.46941" lon="-000.21807"> 
<time>2026-03-14T13:30:34Z</time>
<speed>005.37</speed>
</trkpt> 
<trkpt lat="+51.46938" lon="-000.21802"> 
<time>2026-03-14T13:30:35Z</time>
<speed>005.38</speed>
</trkpt> 
<trkpt lat="+51.46934" lon="-000.21797"> 
<time>2026-03-14T13:30:36Z</time>
<speed>005.38</speed>
</trkpt> 
<trkpt lat="+51.46931" lon="-000.21791"> 
<time>2026-03-14T13:30:37Z</time>
<speed>005.32</speed>
</trkpt> 
<trkpt lat="+51.46928" lon="-000.21785"> 
<time>2026-03-14T13:30:38Z</time>
<speed>005.32</speed>
</trkpt> 
<trkpt lat="+51.46924" lon="-000.21780"> 
<time>2026-03-14T13:30:39Z</time>
<speed>005.25</speed>
</trkpt> 
<trkpt lat="+51.46921" lon="-000.21774"> 
<time>2026-03-14T13:30:40Z</time>
<speed>005.25</speed>
</trkpt> 
<trkpt lat="+51.46918" lon="-000.21769"> 
<time>2026-03-14T13:30:41Z</time>
<speed>005.24</speed>
</trkpt> 
<trkpt lat="+51.46915" lon="-000.21764"> 
<time>2026-03-14T13:30:42Z</time>
<speed>005.24</speed>
</trkpt> 
<trkpt lat="+51.46911" lon="-000.21757"> 
<time>2026-03-14T13:30:43Z</time>
<speed>005.27</speed>
</trkpt> 
<trkpt lat="+51.46907" lon="-000.21751"> 
<time>2026-03-14T13:30:44Z</time>
<speed>005.27</speed>
</trkpt> 
<trkpt lat="+51.46904" lon="-000.21744"> 
<time>2026-03-14T13:30:45Z</time>
<speed>005.41</speed>
</trkpt> 
<trkpt lat="+51.46900" lon="-000.21739"> 
<time>2026-03-14T13:30:46Z</time>
<speed>005.49</speed>
</trkpt> 
<trkpt lat="+51.46896" lon="-000.21734"> 
<time>2026-03-14T13:30:47Z</time>
<speed>005.49</speed>
</trkpt> 
<trkpt lat="+51.46893" lon="-000.21728"> 
<time>2026-03-14T13:30:48Z</time>
<speed>005.43</speed>
</trkpt> 
<trkpt lat="+51.46889" lon="-000.21722"> 
<time>2026-03-14T13:30:49Z</time>
<speed>005.43</speed>
</trkpt> 
<trkpt lat="+51.46886" lon="-000.21717"> 
<time>2026-03-14T13:30:50Z</time>
<speed>005.32</speed>
</trkpt> 
<trkpt lat="+51.46883" lon="-000.21711"> 
<time>2026-03-14T13:30:51Z</time>
<speed>005.32</speed>
</trkpt> 
<trkpt lat="+51.46879" lon="-000.21705"> 
<time>2026-03-14T13:30:52Z</time>
<speed>005.27</speed>
</trkpt> 
<trkpt lat="+51.46877" lon="-000.21700"> 
<time>2026-03-14T13:30:53Z</time>
<speed>005.27</speed>
</trkpt> 
<trkpt lat="+51.46874" lon="-000.21695"> 
<time>2026-03-14T13:30:54Z</time>
<speed>005.31</speed>
</trkpt> 
<trkpt lat="+51.46871" lon="-000.21690"> 
<time>2026-03-14T13:30:55Z</time>
<speed>005.31</speed>
</trkpt> 
<trkpt lat="+51.46868" lon="-000.21685"> 
<time>2026-03-14T13:30:56Z</time>
<speed>005.30</speed>
</trkpt> 
<trkpt lat="+51.46864" lon="-000.21679"> 
<time>2026-03-14T13:30:57Z</time>
<speed>005.30</speed>
</trkpt> 
<trkpt lat="+51.46862" lon="-000.21674"> 
<time>2026-03-14T13:30:58Z</time>
<speed>005.28</speed>
</trkpt> 
<trkpt lat="+51.46859" lon="-000.21668"> 
<time>2026-03-14T13:30:59Z</time>
<speed>005.28</speed>
</trkpt> 
<trkpt lat="+51.46855" lon="-000.21663"> 
<time>2026-03-14T13:31:00Z</time>
<speed>005.22</speed>
</trkpt> 
<trkpt lat="+51.46852" lon="-000.21657"> 
<time>2026-03-14T13:31:01Z</time>
<speed>005.22</speed>
</trkpt> 
<trkpt lat="+51.46849" lon="-000.21651"> 
<time>2026-03-14T13:31:02Z</time>
<speed>005.15</speed>
</trkpt> 
<trkpt lat="+51.46847" lon="-000.21646"> 
<time>2026-03-14T13:31:03Z</time>
<speed>005.11</speed>
</trkpt> 
<trkpt lat="+51.46843" lon="-000.21639"> 
<time>2026-03-14T13:31:04Z</time>
<speed>005.11</speed>
</trkpt> 
<trkpt lat="+51.46840" lon="-000.21633"> 
<time>2026-03-14T13:31:05Z</time>
<speed>005.15</speed>
</trkpt> 
<trkpt lat="+51.46837" lon="-000.21627"> 
<time>2026-03-14T13:31:06Z</time>
<speed>005.15</speed>
</trkpt> 
<trkpt lat="+51.46834" lon="-000.21621"> 
<time>2026-03-14T13:31:07Z</time>
<speed>005.19</speed>
</trkpt> 
<trkpt lat="+51.46831" lon="-000.21616"> 
<time>2026-03-14T13:31:08Z</time>
<speed>005.19</speed>
</trkpt> 
<trkpt lat="+51.46828" lon="-000.21609"> 
<time>2026-03-14T13:31:09Z</time>
<speed>005.24</speed>
</trkpt> 
<trkpt lat="+51.46824" lon="-000.21604"> 
<time>2026-03-14T13:31:10Z</time>
<speed>005.24</speed>
</trkpt> 
<trkpt lat="+51.46822" lon="-000.21597"> 
<time>2026-03-14T13:31:11Z</time>
<speed>005.31</speed>
</trkpt> 
<trkpt lat="+51.46819" lon="-000.21591"> 
<time>2026-03-14T13:31:12Z</time>
<speed>005.31</speed>
</trkpt> 
<trkpt lat="+51.46816" lon="-000.21584"> 
<time>2026-03-14T13:31:13Z</time>
<speed>005.37</speed>
</trkpt> 
<trkpt lat="+51.46813" lon="-000.21579"> 
<time>2026-03-14T13:31:14Z</time>
<speed>005.35</speed>
</trkpt> 
<trkpt lat="+51.46809" lon="-000.21572"> 
<time>2026-03-14T13:31:15Z</time>
<speed>005.35</speed>
</trkpt> 
<trkpt lat="+51.46807" lon="-000.21566"> 
<time>2026-03-14T13:31:16Z</time>
<speed>005.34</speed>
</trkpt> 
<trkpt lat="+51.46804" lon="-000.21560"> 
<time>2026-03-14T13:31:17Z</time>
<speed>005.34</speed>
</trkpt> 
<trkpt lat="+51.46800" lon="-000.21554"> 
<time>2026-03-14T13:31:18Z</time>
<speed>005.37</speed>
</trkpt> 
<trkpt lat="+51.46797" lon="-000.21548"> 
<time>2026-03-14T13:31:19Z</time>
<speed>005.37</speed>
</trkpt> 
<trkpt lat="+51.46794" lon="-000.21542"> 
<time>2026-03-14T13:31:20Z</time>
<speed>005.42</speed>
</trkpt> 
<trkpt lat="+51.46791" lon="-000.21536"> 
<time>2026-03-14T13:31:21Z</time>
<speed>005.42</speed>
</trkpt> 
<trkpt lat="+51.46788" lon="-000.21529"> 
<time>2026-03-14T13:31:22Z</time>
<speed>005.37</speed>
</trkpt> 
<trkpt lat="+51.46785" lon="-000.21524"> 
<time>2026-03-14T13:31:23Z</time>
<speed>005.37</speed>
</trkpt> 
<trkpt lat="+51.46782" lon="-000.21517"> 
<time>2026-03-14T13:31:24Z</time>
<speed>005.29</speed>
</trkpt> 
<trkpt lat="+51.46780" lon="-000.21511"> 
<time>2026-03-14T13:31:25Z</time>
<speed>005.24</speed>
</trkpt> 
<trkpt lat="+51.46777" lon="-000.21504"> 
<time>2026-03-14T13:31:26Z</time>
<speed>005.24</speed>
</trkpt> 
<trkpt lat="+51.46774" lon="-000.21498"> 
<time>2026-03-14T13:31:27Z</time>
<speed>005.22</speed>
</trkpt> 
<trkpt lat="+51.46771" lon="-000.21491"> 
<time>2026-03-14T13:31:28Z</time>
<speed>005.22</speed>
</trkpt> 
<trkpt lat="+51.46769" lon="-000.21484"> 
<time>2026-03-14T13:31:29Z</time>
<speed>005.27</speed>
</trkpt> 
<trkpt lat="+51.46766" lon="-000.21479"> 
<time>2026-03-14T13:31:30Z</time>
<speed>005.27</speed>
</trkpt> 
<trkpt lat="+51.46764" lon="-000.21472"> 
<time>2026-03-14T13:31:31Z</time>
<speed>005.24</speed>
</trkpt> 
<trkpt lat="+51.46761" lon="-000.21466"> 
<time>2026-03-14T13:31:32Z</time>
<speed>005.24</speed>
</trkpt> 
<trkpt lat="+51.46759" lon="-000.21461"> 
<time>2026-03-14T13:31:33Z</time>
<speed>005.24</speed>
</trkpt> 
<trkpt lat="+51.46756" lon="-000.21456"> 
<time>2026-03-14T13:31:34Z</time>
<speed>005.18</speed>
</trkpt> 
</trkseg>
</trk> 
</gpx> 
